-- phpMyAdmin SQL Dump
-- version 3.5.2.2
-- http://www.phpmyadmin.net
--
-- Host: localhost
-- Generation Time: Apr 23, 2014 at 12:20 PM
-- Server version: 5.5.27
-- PHP Version: 5.4.7

SET SQL_MODE="NO_AUTO_VALUE_ON_ZERO";
SET time_zone = "+00:00";


/*!40101 SET @OLD_CHARACTER_SET_CLIENT=@@CHARACTER_SET_CLIENT */;
/*!40101 SET @OLD_CHARACTER_SET_RESULTS=@@CHARACTER_SET_RESULTS */;
/*!40101 SET @OLD_COLLATION_CONNECTION=@@COLLATION_CONNECTION */;
/*!40101 SET NAMES utf8 */;

--
-- Database: `kjscomp_proctor`
--

-- --------------------------------------------------------

--
-- Table structure for table `proctor_grade_be`
--

CREATE TABLE IF NOT EXISTS `proctor_grade_be` (
  `student_id` varchar(20) NOT NULL,
  `faculty_name` varchar(100) NOT NULL,
  `discipline` int(20) NOT NULL,
  `comm_skill` int(20) NOT NULL,
  `grooming` int(20) NOT NULL,
  `co_curricular` int(20) NOT NULL,
  `extra_curricular` int(20) NOT NULL,
  `responsibility` int(20) NOT NULL,
  `punctuality` int(20) NOT NULL,
  `behaviour` int(20) NOT NULL,
  `overall_grading` int(20) NOT NULL,
  PRIMARY KEY (`student_id`)
) ENGINE=InnoDB DEFAULT CHARSET=latin1;

--
-- Dumping data for table `proctor_grade_be`
--

INSERT INTO `proctor_grade_be` (`student_id`, `faculty_name`, `discipline`, `comm_skill`, `grooming`, `co_curricular`, `extra_curricular`, `responsibility`, `punctuality`, `behaviour`, `overall_grading`) VALUES
('2220070002', 'Nilambari Joshi', 3, 4, 3, 1, 1, 1, 1, 4, 2),
('2220070005', 'Nilambari Joshi', 3, 4, 3, 1, 1, 1, 1, 4, 2),
('2220100001', 'Chitra Pravin Bhole', 0, 0, 0, 0, 0, 0, 0, 0, 0),
('2220100002', 'Kavita Devanand Bathe', 3, 2, 3, 2, 2, 3, 4, 5, 3),
('2220100003', 'Kavita Devanand Bathe', 4, 3, 4, 4, 3, 4, 4, 5, 4),
('2220100004', 'Jignasha Vipul Dalal', 4, 3, 4, 4, 3, 3, 4, 4, 4),
('2220100005', 'Kavita Devanand Bathe', 4, 4, 4, 3, 3, 4, 5, 5, 4),
('2220100006', 'Kavita Devanand Bathe', 4, 5, 4, 3, 3, 3, 3, 5, 4),
('2220100007', 'Kavita Devanand Bathe', 4, 4, 4, 3, 3, 3, 3, 4, 4),
('2220100008', 'Jignasha Vipul Dalal', 4, 4, 4, 4, 4, 3, 3, 3, 4),
('2220100009', 'Kavita Devanand Bathe', 4, 5, 5, 4, 3, 3, 4, 5, 4),
('2220100010', 'Jignasha Vipul Dalal', 3, 4, 4, 4, 4, 4, 3, 3, 4),
('2220100011', 'Jignasha Vipul Dalal', 4, 3, 3, 3, 3, 3, 4, 4, 3),
('2220100012', 'Shubhada Labde', 0, 0, 0, 0, 0, 0, 0, 0, 0),
('2220100015', 'Jignasha Vipul Dalal', 4, 4, 3, 4, 3, 3, 3, 4, 4),
('2220100016', 'Kavita Devanand Bathe', 3, 4, 4, 4, 3, 4, 4, 5, 4),
('2220100017', 'Jignasha Vipul Dalal', 5, 5, 5, 5, 5, 5, 5, 5, 5),
('2220100018', 'Chitra Pravin Bhole', 0, 0, 0, 0, 0, 0, 0, 0, 0),
('2220100019', 'Uday Umakant Rote', 4, 4, 5, 5, 4, 5, 4, 5, 4),
('2220100020', 'Uday Umakant Rote', 5, 5, 5, 5, 5, 5, 4, 5, 5),
('2220100021', 'Uday Umakant Rote', 5, 5, 5, 5, 4, 5, 4, 5, 5),
('2220100022', 'Uday Umakant Rote', 4, 4, 4, 4, 4, 5, 4, 5, 4),
('2220100023', 'Jignasha Vipul Dalal', 3, 3, 3, 2, 2, 2, 3, 4, 3),
('2220100024', 'Uday Umakant Rote', 0, 0, 0, 0, 0, 0, 0, 0, 0),
('2220100025', 'Uday Umakant Rote', 0, 0, 0, 0, 0, 0, 0, 0, 0),
('2220100027', 'Jignasha Vipul Dalal', 5, 4, 5, 4, 4, 4, 4, 5, 5),
('2220100028', 'Uday Umakant Rote', 0, 0, 0, 0, 0, 0, 0, 0, 0),
('2220100031', 'Jignasha Vipul Dalal', 0, 0, 0, 0, 0, 0, 0, 0, 0),
('2220100032', 'Jignasha Vipul Dalal', 0, 0, 0, 0, 0, 0, 0, 0, 0),
('2220100033', 'Uday Umakant Rote', 0, 0, 0, 0, 0, 0, 0, 0, 0),
('2220100034', 'Uday Umakant Rote', 0, 0, 0, 0, 0, 0, 0, 0, 0),
('2220100035', 'Jignasha Vipul Dalal', 4, 3, 4, 4, 3, 3, 4, 5, 4),
('2220100036', 'Nilambari Joshi', 0, 0, 0, 0, 0, 0, 0, 0, 0),
('2220100037', 'Nilambari Joshi', 4, 3, 4, 5, 5, 4, 4, 5, 5),
('2220100038', 'Arvind Pandi Dorai', 0, 0, 0, 0, 0, 0, 0, 0, 0),
('2220100039', 'Nilambari Joshi', 0, 0, 0, 0, 0, 0, 0, 0, 0),
('2220100040', 'Nilambari Joshi', 3, 4, 4, 3, 4, 3, 3, 4, 3),
('2220100041', 'Nilambari Joshi', 4, 3, 3, 1, 1, 1, 1, 4, 3),
('2220100044', 'Jignasha Vipul Dalal', 3, 3, 3, 3, 3, 2, 3, 4, 3),
('2220100045', 'Jignasha Vipul Dalal', 5, 5, 5, 5, 5, 5, 5, 5, 5),
('2220100046', 'Arvind Pandi Dorai', 0, 0, 0, 0, 0, 0, 0, 0, 0),
('2220100050', 'Arvind Pandi Dorai', 0, 0, 0, 0, 0, 0, 0, 0, 0),
('2220100051', 'Nilambari Joshi', 4, 3, 3, 1, 1, 1, 1, 4, 3),
('2220100052', 'Jignasha Vipul Dalal', 0, 0, 0, 0, 0, 0, 0, 0, 0),
('2220100053', 'Jignasha Vipul Dalal', 5, 5, 5, 5, 5, 5, 5, 5, 5),
('2220100263', 'Jignasha Vipul Dalal', 3, 3, 3, 3, 3, 3, 4, 4, 3),
('2220100264', 'Kavita Devanand Bathe', 0, 0, 0, 0, 0, 0, 0, 0, 0),
('2220100265', 'Jignasha Vipul Dalal', 2, 2, 2, 2, 2, 2, 2, 3, 2),
('2220100266', 'Uday Umakant Rote', 0, 0, 0, 0, 0, 0, 0, 0, 0),
('2220100267', 'Uday Umakant Rote', 0, 0, 0, 0, 0, 0, 0, 0, 0),
('2220100268', 'Nilambari Joshi', 4, 4, 3, 1, 1, 1, 1, 4, 3),
('2220100269', 'Jignasha Vipul Dalal', 4, 4, 4, 4, 4, 3, 4, 4, 4),
('2220100301', 'Kavita Devanand Bathe', 0, 0, 0, 0, 0, 0, 0, 0, 0),
('2220110003', 'Arvind Pandi Dorai', 0, 0, 0, 0, 0, 0, 0, 0, 0),
('2220110004', 'Arvind Pandi Dorai', 0, 0, 0, 0, 0, 0, 0, 0, 0),
('2220110005', 'Arvind Pandi Dorai', 0, 0, 0, 0, 0, 0, 0, 0, 0),
('2220110006', 'Arvind Pandi Dorai', 0, 0, 0, 0, 0, 0, 0, 0, 0),
('2220110007', 'Arvind Pandi Dorai', 0, 0, 0, 0, 0, 0, 0, 0, 0),
('2220110008', 'Arvind Pandi Dorai', 0, 0, 0, 0, 0, 0, 0, 0, 0),
('2220110010', 'Arvind Pandi Dorai', 0, 0, 0, 0, 0, 0, 0, 0, 0),
('2220110011', 'Shraddha Joshi', 0, 0, 0, 0, 0, 0, 0, 0, 0),
('2220110012', 'Kavita Devanand Bathe', 0, 0, 0, 0, 0, 0, 0, 0, 0),
('2220110013', 'Chitra Pravin Bhole', 0, 0, 0, 0, 0, 0, 0, 0, 0),
('2220110014', 'Chitra Pravin Bhole', 0, 0, 0, 0, 0, 0, 0, 0, 0),
('2220110015', 'Chitra Pravin Bhole', 0, 0, 0, 0, 0, 0, 0, 0, 0),
('2220110016', 'Chitra Pravin Bhole', 0, 0, 0, 0, 0, 0, 0, 0, 0),
('2220110017', 'Chitra Pravin Bhole', 0, 0, 0, 0, 0, 0, 0, 0, 0),
('2220110019', 'Chitra Pravin Bhole', 0, 0, 0, 0, 0, 0, 0, 0, 0),
('2220110020', 'Arvind Pandi Dorai', 0, 0, 0, 0, 0, 0, 0, 0, 0),
('2220110022', 'Sarita Prashant Ambadekar', 0, 0, 0, 0, 0, 0, 0, 0, 0),
('2220110023', 'Arvind Pandi Dorai', 0, 0, 0, 0, 0, 0, 0, 0, 0),
('2220110024', 'Arvind Pandi Dorai', 0, 0, 0, 0, 0, 0, 0, 0, 0),
('2220110025', 'Arvind Pandi Dorai', 0, 0, 0, 0, 0, 0, 0, 0, 0),
('2220110026', 'Shyamal Satish Virnodkar', 0, 0, 0, 0, 0, 0, 0, 0, 0),
('2220110027', 'Arvind Pandi Dorai', 0, 0, 0, 0, 0, 0, 0, 0, 0),
('2220110028', 'Shraddha Joshi', 0, 0, 0, 0, 0, 0, 0, 0, 0),
('2220110029', 'Arvind Pandi Dorai', 0, 0, 0, 0, 0, 0, 0, 0, 0),
('2220110030', 'Arvind Pandi Dorai', 0, 0, 0, 0, 0, 0, 0, 0, 0),
('2220110031', 'Arvind Pandi Dorai', 0, 0, 0, 0, 0, 0, 0, 0, 0),
('2220110032', 'Arvind Pandi Dorai', 0, 0, 0, 0, 0, 0, 0, 0, 0),
('2220110033', 'Arvind Pandi Dorai', 0, 0, 0, 0, 0, 0, 0, 0, 0),
('2220110035', 'Shubhada Labde', 0, 0, 0, 0, 0, 0, 0, 0, 0),
('2220110036', 'Chitra Pravin Bhole', 0, 0, 0, 0, 0, 0, 0, 0, 0),
('2220110037', 'Chitra Pravin Bhole', 0, 0, 0, 0, 0, 0, 0, 0, 0),
('2220110039', 'Chitra Pravin Bhole', 0, 0, 0, 0, 0, 0, 0, 0, 0),
('2220110040', 'Arvind Pandi Dorai', 0, 0, 0, 0, 0, 0, 0, 0, 0),
('2220110041', 'Chitra Pravin Bhole', 0, 0, 0, 0, 0, 0, 0, 0, 0),
('2220110042', 'Arvind Pandi Dorai', 0, 0, 0, 0, 0, 0, 0, 0, 0),
('2220110043', 'Shraddha Joshi', 0, 0, 0, 0, 0, 0, 0, 0, 0),
('2220110044', 'Shraddha Joshi', 0, 0, 0, 0, 0, 0, 0, 0, 0),
('2220110045', 'Shraddha Joshi', 0, 0, 0, 0, 0, 0, 0, 0, 0),
('2220110047', 'Arvind Pandi Dorai', 0, 0, 0, 0, 0, 0, 0, 0, 0),
('2220110048', '', 0, 0, 0, 0, 0, 0, 0, 0, 0),
('2220110049', 'Chitra Pravin Bhole', 0, 0, 0, 0, 0, 0, 0, 0, 0),
('2220110051', 'Shyamal Satish Virnodkar', 0, 0, 0, 0, 0, 0, 0, 0, 0),
('2220110053', 'Arvind Pandi Dorai', 0, 0, 0, 0, 0, 0, 0, 0, 0),
('2220110054', 'Arvind Pandi Dorai', 0, 0, 0, 0, 0, 0, 0, 0, 0),
('2220110055', 'Chitra Pravin Bhole', 0, 0, 0, 0, 0, 0, 0, 0, 0),
('2220110056', 'Arvind Pandi Dorai', 0, 0, 0, 0, 0, 0, 0, 0, 0),
('2220110057', 'Arvind Pandi Dorai', 0, 0, 0, 0, 0, 0, 0, 0, 0),
('2220110058', 'Arvind Pandi Dorai', 0, 0, 0, 0, 0, 0, 0, 0, 0),
('2220110059', 'Chitra Pravin Bhole', 0, 0, 0, 0, 0, 0, 0, 0, 0),
('2220110060', 'Shraddha Joshi', 0, 0, 0, 0, 0, 0, 0, 0, 0),
('2220110061', 'Arvind Pandi Dorai', 0, 0, 0, 0, 0, 0, 0, 0, 0),
('2220110063', 'Arvind Pandi Dorai', 0, 0, 0, 0, 0, 0, 0, 0, 0),
('2220110064', 'Arvind Pandi Dorai', 0, 0, 0, 0, 0, 0, 0, 0, 0),
('2220110304', 'Nilambari Joshi', 4, 4, 4, 1, 1, 1, 1, 4, 3),
('2220110305', 'Kavita Devanand Bathe', 0, 0, 0, 0, 0, 0, 0, 0, 0),
('2220110306', 'Nilambari Joshi', 3, 3, 3, 1, 1, 1, 1, 2, 2),
('2220110307', 'Jignasha Vipul Dalal', 3, 3, 3, 3, 2, 2, 3, 3, 3),
('2220110308', 'Nilambari Joshi', 4, 3, 3, 2, 2, 1, 1, 3, 3),
('2220110309', 'Jignasha Vipul Dalal', 4, 4, 4, 4, 4, 4, 4, 4, 4),
('2220110310', 'Jignasha Vipul Dalal', 3, 3, 3, 3, 3, 3, 3, 3, 3),
('2220110311', 'Jignasha Vipul Dalal', 3, 2, 3, 2, 2, 2, 3, 3, 2),
('2220110312', 'Jignasha Vipul Dalal', 5, 5, 5, 5, 5, 5, 5, 5, 5),
('2220110313', 'Kavita Devanand Bathe', 0, 0, 0, 0, 0, 0, 0, 0, 0),
('2220110314', 'Kavita Devanand Bathe', 0, 0, 0, 0, 0, 0, 0, 0, 0),
('2220110315', 'Jignasha Vipul Dalal', 3, 3, 3, 3, 3, 3, 3, 3, 3),
('2220110316', 'Jignasha Vipul Dalal', 5, 5, 5, 5, 5, 5, 5, 5, 5),
('2220110317', 'Jignasha Vipul Dalal', 5, 5, 5, 5, 5, 5, 5, 5, 5),
('2220110318', 'Nilambari Joshi', 4, 4, 3, 1, 1, 1, 1, 4, 3),
('2220110319', 'Uday Umakant Rote', 0, 0, 0, 0, 0, 0, 0, 0, 0),
('2220110404', 'Kavita Devanand Bathe', 0, 0, 0, 0, 0, 0, 0, 0, 0),
('2220110432', 'Chitra Pravin Bhole', 0, 0, 0, 0, 0, 0, 0, 0, 0),
('2220120006', 'Jignasha Vipul Dalal', 2, 2, 2, 2, 2, 2, 2, 3, 2),
('2220120008', 'Jyoti Ganesh Wadmare', 0, 0, 0, 0, 0, 0, 0, 0, 0),
('2220120009', 'Nilambari Joshi', 3, 2, 3, 1, 1, 1, 1, 3, 2),
('2220120056', 'Jyoti Ganesh Wadmare', 0, 0, 0, 0, 0, 0, 0, 0, 0),
('2220120065', 'Uday Umakant Rote', 0, 0, 0, 0, 0, 0, 0, 0, 0),
('2220120070', 'Sarita Prashant Ambadekar', 0, 0, 0, 0, 0, 0, 0, 0, 0),
('2220120071', 'Sarita Prashant Ambadekar', 0, 0, 0, 0, 0, 0, 0, 0, 0),
('2220120074', 'Shyamal Satish Virnodkar', 0, 0, 0, 0, 0, 0, 0, 0, 0),
('2220120075', 'Shyamal Satish Virnodkar', 0, 0, 0, 0, 0, 0, 0, 0, 0),
('2220120077', 'Shyamal Satish Virnodkar', 0, 0, 0, 0, 0, 0, 0, 0, 0),
('2220120078', 'Sarita Prashant Ambadekar', 0, 0, 0, 0, 0, 0, 0, 0, 0),
('2220120079', 'Sarita Prashant Ambadekar', 0, 0, 0, 0, 0, 0, 0, 0, 0),
('2220120080', 'Sarita Prashant Ambadekar', 0, 0, 0, 0, 0, 0, 0, 0, 0),
('2220120081', 'Shyamal Satish Virnodkar', 0, 0, 0, 0, 0, 0, 0, 0, 0),
('2220120085', 'Shraddha Joshi', 0, 0, 0, 0, 0, 0, 0, 0, 0),
('2220120086', 'Shubhada Labde', 0, 0, 0, 0, 0, 0, 0, 0, 0),
('2220120088', 'Shyamal Satish Virnodkar', 0, 0, 0, 0, 0, 0, 0, 0, 0),
('2220120090', 'Shyamal Satish Virnodkar', 0, 0, 0, 0, 0, 0, 0, 0, 0),
('2220120091', 'Sarita Prashant Ambadekar', 0, 0, 0, 0, 0, 0, 0, 0, 0),
('2220120092', 'Sarita Prashant Ambadekar', 0, 0, 0, 0, 0, 0, 0, 0, 0),
('2220120093', 'Shraddha Joshi', 0, 0, 0, 0, 0, 0, 0, 0, 0),
('2220120094', 'Shyamal Satish Virnodkar', 0, 0, 0, 0, 0, 0, 0, 0, 0),
('2220120095', 'Shyamal Satish Virnodkar', 0, 0, 0, 0, 0, 0, 0, 0, 0),
('2220120096', 'Shraddha Joshi', 0, 0, 0, 0, 0, 0, 0, 0, 0),
('2220120097', 'Sarita Prashant Ambadekar', 0, 0, 0, 0, 0, 0, 0, 0, 0),
('2220120098', 'Shubhada Labde', 0, 0, 0, 0, 0, 0, 0, 0, 0),
('2220120099', 'Shubhada Labde', 0, 0, 0, 0, 0, 0, 0, 0, 0),
('2220120100', 'Shraddha Joshi', 0, 0, 0, 0, 0, 0, 0, 0, 0),
('2220120101', 'Shubhada Labde', 0, 0, 0, 0, 0, 0, 0, 0, 0),
('2220120102', 'Shraddha Joshi', 0, 0, 0, 0, 0, 0, 0, 0, 0),
('2220120103', 'Shyamal Satish Virnodkar', 0, 0, 0, 0, 0, 0, 0, 0, 0),
('2220120104', 'Shyamal Satish Virnodkar', 0, 0, 0, 0, 0, 0, 0, 0, 0),
('2220120105', 'Shraddha Joshi', 0, 0, 0, 0, 0, 0, 0, 0, 0),
('2220120107', 'Shraddha Joshi', 0, 0, 0, 0, 0, 0, 0, 0, 0),
('2220120108', 'Shraddha Joshi', 0, 0, 0, 0, 0, 0, 0, 0, 0),
('2220120110', 'Shyamal Satish Virnodkar', 0, 0, 0, 0, 0, 0, 0, 0, 0),
('2220120111', 'Sarita Prashant Ambadekar', 0, 0, 0, 0, 0, 0, 0, 0, 0),
('2220120112', 'Shubhada Labde', 0, 0, 0, 0, 0, 0, 0, 0, 0),
('2220120113', 'Shyamal Satish Virnodkar', 0, 0, 0, 0, 0, 0, 0, 0, 0),
('2220120114', 'Shraddha Joshi', 0, 0, 0, 0, 0, 0, 0, 0, 0),
('2220120115', 'Shubhada Labde', 0, 0, 0, 0, 0, 0, 0, 0, 0),
('2220120116', 'Shyamal Satish Virnodkar', 0, 0, 0, 0, 0, 0, 0, 0, 0),
('2220120118', 'Shubhada Labde', 0, 0, 0, 0, 0, 0, 0, 0, 0),
('2220120119', 'Shraddha Joshi', 0, 0, 0, 0, 0, 0, 0, 0, 0),
('2220120121', 'Sarita Prashant Ambadekar', 0, 0, 0, 0, 0, 0, 0, 0, 0),
('2220120122', 'Shyamal Satish Virnodkar', 0, 0, 0, 0, 0, 0, 0, 0, 0),
('2220120123', 'Sarita Prashant Ambadekar', 0, 0, 0, 0, 0, 0, 0, 0, 0),
('2220120124', 'Sarita Prashant Ambadekar', 0, 0, 0, 0, 0, 0, 0, 0, 0),
('2220120126', 'Sarita Prashant Ambadekar', 0, 0, 0, 0, 0, 0, 0, 0, 0),
('2220120127', 'Shyamal Satish Virnodkar', 0, 0, 0, 0, 0, 0, 0, 0, 0),
('2220120129', 'Sarita Prashant Ambadekar', 0, 0, 0, 0, 0, 0, 0, 0, 0),
('2220120149', 'Arvind Pandi Dorai', 0, 0, 0, 0, 0, 0, 0, 0, 0),
('2220120154', 'Jyoti Ganesh Wadmare', 0, 0, 0, 0, 0, 0, 0, 0, 0),
('2220120166', 'Arvind Pandi Dorai', 0, 0, 0, 0, 0, 0, 0, 0, 0),
('2220120170', 'Arvind Pandi Dorai', 0, 0, 0, 0, 0, 0, 0, 0, 0),
('2220120174', 'Jyoti Ganesh Wadmare', 0, 0, 0, 0, 0, 0, 0, 0, 0),
('2220120179', 'Jyoti Ganesh Wadmare', 0, 0, 0, 0, 0, 0, 0, 0, 0),
('2220120185', 'Arvind Pandi Dorai', 0, 0, 0, 0, 0, 0, 0, 0, 0),
('2220120188', 'Jyoti Ganesh Wadmare', 0, 0, 0, 0, 0, 0, 0, 0, 0),
('2220120199', 'Jyoti Ganesh Wadmare', 0, 0, 0, 0, 0, 0, 0, 0, 0),
('2220120204', 'Jyoti Ganesh Wadmare', 0, 0, 0, 0, 0, 0, 0, 0, 0),
('2220120220', 'Jyoti Ganesh Wadmare', 0, 0, 0, 0, 0, 0, 0, 0, 0),
('2220120233', 'Jyoti Ganesh Wadmare', 0, 0, 0, 0, 0, 0, 0, 0, 0),
('2220120236', 'Jyoti Ganesh Wadmare', 0, 0, 0, 0, 0, 0, 0, 0, 0),
('2220120239', 'Arvind Pandi Dorai', 0, 0, 0, 0, 0, 0, 0, 0, 0),
('2220120242', 'Jyoti Ganesh Wadmare', 0, 0, 0, 0, 0, 0, 0, 0, 0),
('2220120243', 'Jyoti Ganesh Wadmare', 0, 0, 0, 0, 0, 0, 0, 0, 0),
('2220120244', 'Jyoti Ganesh Wadmare', 0, 0, 0, 0, 0, 0, 0, 0, 0),
('2220120245', 'Jyoti Ganesh Wadmare', 0, 0, 0, 0, 0, 0, 0, 0, 0),
('2220120246', 'Jyoti Ganesh Wadmare', 0, 0, 0, 0, 0, 0, 0, 0, 0),
('2220120247', 'Jyoti Ganesh Wadmare', 0, 0, 0, 0, 0, 0, 0, 0, 0),
('2220120248', 'Jyoti Ganesh Wadmare', 0, 0, 0, 0, 0, 0, 0, 0, 0),
('2220120250', 'Jyoti Ganesh Wadmare', 0, 0, 0, 0, 0, 0, 0, 0, 0),
('2220120474', 'Shraddha Joshi', 0, 0, 0, 0, 0, 0, 0, 0, 0),
('2220120479', 'Shubhada Labde', 0, 0, 0, 0, 0, 0, 0, 0, 0),
('2220120480', 'Shraddha Joshi', 0, 0, 0, 0, 0, 0, 0, 0, 0),
('2220120497', '', 0, 0, 0, 0, 0, 0, 0, 0, 0),
('2220130302', 'Shraddha Joshi', 0, 0, 0, 0, 0, 0, 0, 0, 0),
('2220130304', 'Shyamal Satish Virnodkar', 0, 0, 0, 0, 0, 0, 0, 0, 0),
('2220130305', 'Shubhada Labde', 0, 0, 0, 0, 0, 0, 0, 0, 0),
('2220130307', 'Shubhada Labde', 0, 0, 0, 0, 0, 0, 0, 0, 0),
('2220130308', 'Shraddha Joshi', 0, 0, 0, 0, 0, 0, 0, 0, 0),
('2220130309', 'Shyamal Satish Virnodkar', 0, 0, 0, 0, 0, 0, 0, 0, 0),
('2220130310', 'Shyamal Satish Virnodkar', 0, 0, 0, 0, 0, 0, 0, 0, 0),
('2220130311', '', 0, 0, 0, 0, 0, 0, 0, 0, 0),
('2220130312', 'Shyamal Satish Virnodkar', 0, 0, 0, 0, 0, 0, 0, 0, 0),
('2220130313', 'Sarita Prashant Ambadekar', 0, 0, 0, 0, 0, 0, 0, 0, 0);

-- --------------------------------------------------------

--
-- Table structure for table `proctor_grade_fe`
--

CREATE TABLE IF NOT EXISTS `proctor_grade_fe` (
  `student_id` varchar(20) NOT NULL,
  `faculty_name` varchar(100) NOT NULL,
  `discipline` int(20) NOT NULL,
  `comm_skill` int(20) NOT NULL,
  `grooming` int(20) NOT NULL,
  `co_curricular` int(20) NOT NULL,
  `extra_curricular` int(20) NOT NULL,
  `responsibility` int(20) NOT NULL,
  `punctuality` int(20) NOT NULL,
  `behaviour` int(20) NOT NULL,
  `overall_grading` int(20) NOT NULL,
  PRIMARY KEY (`student_id`)
) ENGINE=InnoDB DEFAULT CHARSET=latin1;

--
-- Dumping data for table `proctor_grade_fe`
--

INSERT INTO `proctor_grade_fe` (`student_id`, `faculty_name`, `discipline`, `comm_skill`, `grooming`, `co_curricular`, `extra_curricular`, `responsibility`, `punctuality`, `behaviour`, `overall_grading`) VALUES
('2220070002', 'Nilambari Joshi', 0, 0, 0, 0, 0, 0, 0, 0, 0),
('2220070005', 'Nilambari Joshi', 0, 0, 0, 0, 0, 0, 0, 0, 0),
('2220100001', 'Chitra Pravin Bhole', 0, 0, 0, 0, 0, 0, 0, 0, 0),
('2220100002', 'Kavita Devanand Bathe', 0, 0, 0, 0, 0, 0, 0, 0, 0),
('2220100003', 'Kavita Devanand Bathe', 0, 0, 0, 0, 0, 0, 0, 0, 0),
('2220100004', 'Jignasha Vipul Dalal', 0, 0, 0, 0, 0, 0, 0, 0, 0),
('2220100005', 'Kavita Devanand Bathe', 0, 0, 0, 0, 0, 0, 0, 0, 0),
('2220100006', 'Kavita Devanand Bathe', 0, 0, 0, 0, 0, 0, 0, 0, 0),
('2220100007', 'Kavita Devanand Bathe', 0, 0, 0, 0, 0, 0, 0, 0, 0),
('2220100008', 'Jignasha Vipul Dalal', 0, 0, 0, 0, 0, 0, 0, 0, 0),
('2220100009', 'Kavita Devanand Bathe', 0, 0, 0, 0, 0, 0, 0, 0, 0),
('2220100010', 'Jignasha Vipul Dalal', 0, 0, 0, 0, 0, 0, 0, 0, 0),
('2220100011', 'Jignasha Vipul Dalal', 0, 0, 0, 0, 0, 0, 0, 0, 0),
('2220100012', 'Shubhada Labde', 0, 0, 0, 0, 0, 0, 0, 0, 0),
('2220100015', 'Jignasha Vipul Dalal', 0, 0, 0, 0, 0, 0, 0, 0, 0),
('2220100016', 'Kavita Devanand Bathe', 0, 0, 0, 0, 0, 0, 0, 0, 0),
('2220100017', 'Jignasha Vipul Dalal', 0, 0, 0, 0, 0, 0, 0, 0, 0),
('2220100018', 'Chitra Pravin Bhole', 0, 0, 0, 0, 0, 0, 0, 0, 0),
('2220100019', 'Uday Umakant Rote', 0, 0, 0, 0, 0, 0, 0, 0, 0),
('2220100020', 'Uday Umakant Rote', 0, 0, 0, 0, 0, 0, 0, 0, 0),
('2220100021', 'Uday Umakant Rote', 0, 0, 0, 0, 0, 0, 0, 0, 0),
('2220100022', 'Uday Umakant Rote', 0, 0, 0, 0, 0, 0, 0, 0, 0),
('2220100023', 'Jignasha Vipul Dalal', 0, 0, 0, 0, 0, 0, 0, 0, 0),
('2220100024', 'Uday Umakant Rote', 0, 0, 0, 0, 0, 0, 0, 0, 0),
('2220100025', 'Uday Umakant Rote', 0, 0, 0, 0, 0, 0, 0, 0, 0),
('2220100027', 'Jignasha Vipul Dalal', 0, 0, 0, 0, 0, 0, 0, 0, 0),
('2220100028', 'Uday Umakant Rote', 0, 0, 0, 0, 0, 0, 0, 0, 0),
('2220100031', 'Jignasha Vipul Dalal', 0, 0, 0, 0, 0, 0, 0, 0, 0),
('2220100032', 'Jignasha Vipul Dalal', 0, 0, 0, 0, 0, 0, 0, 0, 0),
('2220100033', 'Uday Umakant Rote', 0, 0, 0, 0, 0, 0, 0, 0, 0),
('2220100034', 'Uday Umakant Rote', 0, 0, 0, 0, 0, 0, 0, 0, 0),
('2220100035', 'Jignasha Vipul Dalal', 0, 0, 0, 0, 0, 0, 0, 0, 0),
('2220100036', 'Nilambari Joshi', 0, 0, 0, 0, 0, 0, 0, 0, 0),
('2220100037', 'Nilambari Joshi', 0, 0, 0, 0, 0, 0, 0, 0, 0),
('2220100038', 'Arvind Pandi Dorai', 0, 0, 0, 0, 0, 0, 0, 0, 0),
('2220100039', 'Nilambari Joshi', 0, 0, 0, 0, 0, 0, 0, 0, 0),
('2220100040', 'Nilambari Joshi', 0, 0, 0, 0, 0, 0, 0, 0, 0),
('2220100041', 'Nilambari Joshi', 0, 0, 0, 0, 0, 0, 0, 0, 0),
('2220100044', 'Jignasha Vipul Dalal', 0, 0, 0, 0, 0, 0, 0, 0, 0),
('2220100045', 'Jignasha Vipul Dalal', 0, 0, 0, 0, 0, 0, 0, 0, 0),
('2220100046', 'Arvind Pandi Dorai', 0, 0, 0, 0, 0, 0, 0, 0, 0),
('2220100050', 'Arvind Pandi Dorai', 0, 0, 0, 0, 0, 0, 0, 0, 0),
('2220100051', 'Nilambari Joshi', 0, 0, 0, 0, 0, 0, 0, 0, 0),
('2220100052', 'Jignasha Vipul Dalal', 0, 0, 0, 0, 0, 0, 0, 0, 0),
('2220100053', 'Jignasha Vipul Dalal', 0, 0, 0, 0, 0, 0, 0, 0, 0),
('2220100263', 'Jignasha Vipul Dalal', 0, 0, 0, 0, 0, 0, 0, 0, 0),
('2220100264', 'Kavita Devanand Bathe', 0, 0, 0, 0, 0, 0, 0, 0, 0),
('2220100265', 'Jignasha Vipul Dalal', 0, 0, 0, 0, 0, 0, 0, 0, 0),
('2220100266', 'Uday Umakant Rote', 0, 0, 0, 0, 0, 0, 0, 0, 0),
('2220100267', 'Uday Umakant Rote', 0, 0, 0, 0, 0, 0, 0, 0, 0),
('2220100268', 'Nilambari Joshi', 0, 0, 0, 0, 0, 0, 0, 0, 0),
('2220100269', 'Jignasha Vipul Dalal', 0, 0, 0, 0, 0, 0, 0, 0, 0),
('2220100301', 'Kavita Devanand Bathe', 0, 0, 0, 0, 0, 0, 0, 0, 0),
('2220110003', 'Arvind Pandi Dorai', 0, 0, 0, 0, 0, 0, 0, 0, 0),
('2220110004', 'Arvind Pandi Dorai', 0, 0, 0, 0, 0, 0, 0, 0, 0),
('2220110005', 'Arvind Pandi Dorai', 0, 0, 0, 0, 0, 0, 0, 0, 0),
('2220110006', 'Arvind Pandi Dorai', 0, 0, 0, 0, 0, 0, 0, 0, 0),
('2220110007', 'Arvind Pandi Dorai', 0, 0, 0, 0, 0, 0, 0, 0, 0),
('2220110008', 'Arvind Pandi Dorai', 0, 0, 0, 0, 0, 0, 0, 0, 0),
('2220110010', 'Arvind Pandi Dorai', 0, 0, 0, 0, 0, 0, 0, 0, 0),
('2220110011', 'Shraddha Joshi', 0, 0, 0, 0, 0, 0, 0, 0, 0),
('2220110012', 'Kavita Devanand Bathe', 0, 0, 0, 0, 0, 0, 0, 0, 0),
('2220110013', 'Chitra Pravin Bhole', 0, 0, 0, 0, 0, 0, 0, 0, 0),
('2220110014', 'Chitra Pravin Bhole', 0, 0, 0, 0, 0, 0, 0, 0, 0),
('2220110015', 'Chitra Pravin Bhole', 0, 0, 0, 0, 0, 0, 0, 0, 0),
('2220110016', 'Chitra Pravin Bhole', 0, 0, 0, 0, 0, 0, 0, 0, 0),
('2220110017', 'Chitra Pravin Bhole', 0, 0, 0, 0, 0, 0, 0, 0, 0),
('2220110019', 'Chitra Pravin Bhole', 0, 0, 0, 0, 0, 0, 0, 0, 0),
('2220110020', 'Arvind Pandi Dorai', 0, 0, 0, 0, 0, 0, 0, 0, 0),
('2220110022', 'Sarita Prashant Ambadekar', 0, 0, 0, 0, 0, 0, 0, 0, 0),
('2220110023', 'Arvind Pandi Dorai', 0, 0, 0, 0, 0, 0, 0, 0, 0),
('2220110024', 'Arvind Pandi Dorai', 0, 0, 0, 0, 0, 0, 0, 0, 0),
('2220110025', 'Arvind Pandi Dorai', 0, 0, 0, 0, 0, 0, 0, 0, 0),
('2220110026', 'Shyamal Satish Virnodkar', 0, 0, 0, 0, 0, 0, 0, 0, 0),
('2220110027', 'Arvind Pandi Dorai', 0, 0, 0, 0, 0, 0, 0, 0, 0),
('2220110028', 'Shraddha Joshi', 0, 0, 0, 0, 0, 0, 0, 0, 0),
('2220110029', 'Arvind Pandi Dorai', 0, 0, 0, 0, 0, 0, 0, 0, 0),
('2220110030', 'Arvind Pandi Dorai', 0, 0, 0, 0, 0, 0, 0, 0, 0),
('2220110031', 'Arvind Pandi Dorai', 0, 0, 0, 0, 0, 0, 0, 0, 0),
('2220110032', 'Arvind Pandi Dorai', 0, 0, 0, 0, 0, 0, 0, 0, 0),
('2220110033', 'Arvind Pandi Dorai', 0, 0, 0, 0, 0, 0, 0, 0, 0),
('2220110035', 'Shubhada Labde', 0, 0, 0, 0, 0, 0, 0, 0, 0),
('2220110036', 'Chitra Pravin Bhole', 0, 0, 0, 0, 0, 0, 0, 0, 0),
('2220110037', 'Chitra Pravin Bhole', 0, 0, 0, 0, 0, 0, 0, 0, 0),
('2220110039', 'Chitra Pravin Bhole', 0, 0, 0, 0, 0, 0, 0, 0, 0),
('2220110040', 'Arvind Pandi Dorai', 0, 0, 0, 0, 0, 0, 0, 0, 0),
('2220110041', 'Chitra Pravin Bhole', 0, 0, 0, 0, 0, 0, 0, 0, 0),
('2220110042', 'Arvind Pandi Dorai', 0, 0, 0, 0, 0, 0, 0, 0, 0),
('2220110043', 'Shraddha Joshi', 0, 0, 0, 0, 0, 0, 0, 0, 0),
('2220110044', 'Shraddha Joshi', 0, 0, 0, 0, 0, 0, 0, 0, 0),
('2220110045', 'Shraddha Joshi', 0, 0, 0, 0, 0, 0, 0, 0, 0),
('2220110047', 'Arvind Pandi Dorai', 0, 0, 0, 0, 0, 0, 0, 0, 0),
('2220110048', '', 0, 0, 0, 0, 0, 0, 0, 0, 0),
('2220110049', 'Chitra Pravin Bhole', 0, 0, 0, 0, 0, 0, 0, 0, 0),
('2220110051', 'Shyamal Satish Virnodkar', 0, 0, 0, 0, 0, 0, 0, 0, 0),
('2220110053', 'Arvind Pandi Dorai', 0, 0, 0, 0, 0, 0, 0, 0, 0),
('2220110054', 'Arvind Pandi Dorai', 0, 0, 0, 0, 0, 0, 0, 0, 0),
('2220110055', 'Chitra Pravin Bhole', 0, 0, 0, 0, 0, 0, 0, 0, 0),
('2220110056', 'Arvind Pandi Dorai', 0, 0, 0, 0, 0, 0, 0, 0, 0),
('2220110057', 'Arvind Pandi Dorai', 0, 0, 0, 0, 0, 0, 0, 0, 0),
('2220110058', 'Arvind Pandi Dorai', 0, 0, 0, 0, 0, 0, 0, 0, 0),
('2220110059', 'Chitra Pravin Bhole', 0, 0, 0, 0, 0, 0, 0, 0, 0),
('2220110060', 'Shraddha Joshi', 0, 0, 0, 0, 0, 0, 0, 0, 0),
('2220110061', 'Arvind Pandi Dorai', 0, 0, 0, 0, 0, 0, 0, 0, 0),
('2220110063', 'Arvind Pandi Dorai', 0, 0, 0, 0, 0, 0, 0, 0, 0),
('2220110064', 'Arvind Pandi Dorai', 0, 0, 0, 0, 0, 0, 0, 0, 0),
('2220110304', '', 0, 0, 0, 0, 0, 0, 0, 0, 0),
('2220110305', '', 0, 0, 0, 0, 0, 0, 0, 0, 0),
('2220110306', '', 0, 0, 0, 0, 0, 0, 0, 0, 0),
('2220110307', '', 0, 0, 0, 0, 0, 0, 0, 0, 0),
('2220110308', '', 0, 0, 0, 0, 0, 0, 0, 0, 0),
('2220110309', '', 0, 0, 0, 0, 0, 0, 0, 0, 0),
('2220110310', '', 0, 0, 0, 0, 0, 0, 0, 0, 0),
('2220110311', '', 0, 0, 0, 0, 0, 0, 0, 0, 0),
('2220110312', '', 0, 0, 0, 0, 0, 0, 0, 0, 0),
('2220110313', '', 0, 0, 0, 0, 0, 0, 0, 0, 0),
('2220110314', '', 0, 0, 0, 0, 0, 0, 0, 0, 0),
('2220110315', '', 0, 0, 0, 0, 0, 0, 0, 0, 0),
('2220110316', '', 0, 0, 0, 0, 0, 0, 0, 0, 0),
('2220110317', '', 0, 0, 0, 0, 0, 0, 0, 0, 0),
('2220110318', '', 0, 0, 0, 0, 0, 0, 0, 0, 0),
('2220110319', '', 0, 0, 0, 0, 0, 0, 0, 0, 0),
('2220110404', '', 0, 0, 0, 0, 0, 0, 0, 0, 0),
('2220110432', 'Chitra Pravin Bhole', 0, 0, 0, 0, 0, 0, 0, 0, 0),
('2220120006', 'Jignasha Vipul Dalal', 0, 0, 0, 0, 0, 0, 0, 0, 0),
('2220120008', 'Jyoti Ganesh Wadmare', 0, 0, 0, 0, 0, 0, 0, 0, 0),
('2220120009', '', 0, 0, 0, 0, 0, 0, 0, 0, 0),
('2220120056', 'Jyoti Ganesh Wadmare', 0, 0, 0, 0, 0, 0, 0, 0, 0),
('2220120065', 'Uday Umakant Rote', 0, 0, 0, 0, 0, 0, 0, 0, 0),
('2220120070', 'Sarita Prashant Ambadekar', 0, 0, 0, 0, 0, 0, 0, 0, 0),
('2220120071', 'Sarita Prashant Ambadekar', 0, 0, 0, 0, 0, 0, 0, 0, 0),
('2220120074', 'Shyamal Satish Virnodkar', 0, 0, 0, 0, 0, 0, 0, 0, 0),
('2220120075', 'Shyamal Satish Virnodkar', 0, 0, 0, 0, 0, 0, 0, 0, 0),
('2220120077', 'Shyamal Satish Virnodkar', 0, 0, 0, 0, 0, 0, 0, 0, 0),
('2220120078', 'Sarita Prashant Ambadekar', 0, 0, 0, 0, 0, 0, 0, 0, 0),
('2220120079', 'Sarita Prashant Ambadekar', 0, 0, 0, 0, 0, 0, 0, 0, 0),
('2220120080', 'Sarita Prashant Ambadekar', 0, 0, 0, 0, 0, 0, 0, 0, 0),
('2220120081', 'Shyamal Satish Virnodkar', 0, 0, 0, 0, 0, 0, 0, 0, 0),
('2220120085', 'Shraddha Joshi', 0, 0, 0, 0, 0, 0, 0, 0, 0),
('2220120086', 'Shubhada Labde', 0, 0, 0, 0, 0, 0, 0, 0, 0),
('2220120088', 'Shyamal Satish Virnodkar', 0, 0, 0, 0, 0, 0, 0, 0, 0),
('2220120090', 'Shyamal Satish Virnodkar', 0, 0, 0, 0, 0, 0, 0, 0, 0),
('2220120091', 'Sarita Prashant Ambadekar', 0, 0, 0, 0, 0, 0, 0, 0, 0),
('2220120092', 'Sarita Prashant Ambadekar', 0, 0, 0, 0, 0, 0, 0, 0, 0),
('2220120093', 'Shraddha Joshi', 0, 0, 0, 0, 0, 0, 0, 0, 0),
('2220120094', 'Shyamal Satish Virnodkar', 0, 0, 0, 0, 0, 0, 0, 0, 0),
('2220120095', 'Shyamal Satish Virnodkar', 0, 0, 0, 0, 0, 0, 0, 0, 0),
('2220120096', 'Shraddha Joshi', 0, 0, 0, 0, 0, 0, 0, 0, 0),
('2220120097', 'Sarita Prashant Ambadekar', 0, 0, 0, 0, 0, 0, 0, 0, 0),
('2220120098', 'Shubhada Labde', 0, 0, 0, 0, 0, 0, 0, 0, 0),
('2220120099', 'Shubhada Labde', 0, 0, 0, 0, 0, 0, 0, 0, 0),
('2220120100', 'Shraddha Joshi', 0, 0, 0, 0, 0, 0, 0, 0, 0),
('2220120101', 'Shubhada Labde', 0, 0, 0, 0, 0, 0, 0, 0, 0),
('2220120102', 'Shraddha Joshi', 0, 0, 0, 0, 0, 0, 0, 0, 0),
('2220120103', 'Shyamal Satish Virnodkar', 0, 0, 0, 0, 0, 0, 0, 0, 0),
('2220120104', 'Shyamal Satish Virnodkar', 0, 0, 0, 0, 0, 0, 0, 0, 0),
('2220120105', 'Shraddha Joshi', 0, 0, 0, 0, 0, 0, 0, 0, 0),
('2220120107', 'Shraddha Joshi', 0, 0, 0, 0, 0, 0, 0, 0, 0),
('2220120108', 'Shraddha Joshi', 0, 0, 0, 0, 0, 0, 0, 0, 0),
('2220120110', 'Shyamal Satish Virnodkar', 0, 0, 0, 0, 0, 0, 0, 0, 0),
('2220120111', 'Sarita Prashant Ambadekar', 0, 0, 0, 0, 0, 0, 0, 0, 0),
('2220120112', 'Shubhada Labde', 0, 0, 0, 0, 0, 0, 0, 0, 0),
('2220120113', 'Shyamal Satish Virnodkar', 0, 0, 0, 0, 0, 0, 0, 0, 0),
('2220120114', 'Shraddha Joshi', 0, 0, 0, 0, 0, 0, 0, 0, 0),
('2220120115', 'Shubhada Labde', 0, 0, 0, 0, 0, 0, 0, 0, 0),
('2220120116', 'Shyamal Satish Virnodkar', 0, 0, 0, 0, 0, 0, 0, 0, 0),
('2220120118', 'Shubhada Labde', 0, 0, 0, 0, 0, 0, 0, 0, 0),
('2220120119', 'Shraddha Joshi', 0, 0, 0, 0, 0, 0, 0, 0, 0),
('2220120121', 'Sarita Prashant Ambadekar', 0, 0, 0, 0, 0, 0, 0, 0, 0),
('2220120122', 'Shyamal Satish Virnodkar', 0, 0, 0, 0, 0, 0, 0, 0, 0),
('2220120123', 'Sarita Prashant Ambadekar', 0, 0, 0, 0, 0, 0, 0, 0, 0),
('2220120124', 'Sarita Prashant Ambadekar', 0, 0, 0, 0, 0, 0, 0, 0, 0),
('2220120126', 'Sarita Prashant Ambadekar', 0, 0, 0, 0, 0, 0, 0, 0, 0),
('2220120127', 'Shyamal Satish Virnodkar', 0, 0, 0, 0, 0, 0, 0, 0, 0),
('2220120129', 'Sarita Prashant Ambadekar', 0, 0, 0, 0, 0, 0, 0, 0, 0),
('2220120149', '', 0, 0, 0, 0, 0, 0, 0, 0, 0),
('2220120154', '', 0, 0, 0, 0, 0, 0, 0, 0, 0),
('2220120166', '', 0, 0, 0, 0, 0, 0, 0, 0, 0),
('2220120170', '', 0, 0, 0, 0, 0, 0, 0, 0, 0),
('2220120174', '', 0, 0, 0, 0, 0, 0, 0, 0, 0),
('2220120179', '', 0, 0, 0, 0, 0, 0, 0, 0, 0),
('2220120185', '', 0, 0, 0, 0, 0, 0, 0, 0, 0),
('2220120188', '', 0, 0, 0, 0, 0, 0, 0, 0, 0),
('2220120199', '', 0, 0, 0, 0, 0, 0, 0, 0, 0),
('2220120204', '', 0, 0, 0, 0, 0, 0, 0, 0, 0),
('2220120220', '', 0, 0, 0, 0, 0, 0, 0, 0, 0),
('2220120233', '', 0, 0, 0, 0, 0, 0, 0, 0, 0),
('2220120236', '', 0, 0, 0, 0, 0, 0, 0, 0, 0),
('2220120239', '', 0, 0, 0, 0, 0, 0, 0, 0, 0),
('2220120242', '', 0, 0, 0, 0, 0, 0, 0, 0, 0),
('2220120243', '', 0, 0, 0, 0, 0, 0, 0, 0, 0),
('2220120244', '', 0, 0, 0, 0, 0, 0, 0, 0, 0),
('2220120245', '', 0, 0, 0, 0, 0, 0, 0, 0, 0),
('2220120246', '', 0, 0, 0, 0, 0, 0, 0, 0, 0),
('2220120247', '', 0, 0, 0, 0, 0, 0, 0, 0, 0),
('2220120248', '', 0, 0, 0, 0, 0, 0, 0, 0, 0),
('2220120250', '', 0, 0, 0, 0, 0, 0, 0, 0, 0),
('2220120474', 'Shraddha Joshi', 0, 0, 0, 0, 0, 0, 0, 0, 0),
('2220120479', 'Shubhada Labde', 0, 0, 0, 0, 0, 0, 0, 0, 0),
('2220120480', 'Shraddha Joshi', 0, 0, 0, 0, 0, 0, 0, 0, 0),
('2220120497', '', 0, 0, 0, 0, 0, 0, 0, 0, 0),
('2220130302', '', 0, 0, 0, 0, 0, 0, 0, 0, 0),
('2220130304', '', 0, 0, 0, 0, 0, 0, 0, 0, 0),
('2220130305', '', 0, 0, 0, 0, 0, 0, 0, 0, 0),
('2220130307', '', 0, 0, 0, 0, 0, 0, 0, 0, 0),
('2220130308', '', 0, 0, 0, 0, 0, 0, 0, 0, 0),
('2220130309', '', 0, 0, 0, 0, 0, 0, 0, 0, 0),
('2220130310', '', 0, 0, 0, 0, 0, 0, 0, 0, 0),
('2220130311', '', 0, 0, 0, 0, 0, 0, 0, 0, 0),
('2220130312', '', 0, 0, 0, 0, 0, 0, 0, 0, 0),
('2220130313', '', 0, 0, 0, 0, 0, 0, 0, 0, 0);

-- --------------------------------------------------------

--
-- Table structure for table `proctor_grade_se`
--

CREATE TABLE IF NOT EXISTS `proctor_grade_se` (
  `student_id` varchar(20) NOT NULL,
  `faculty_name` varchar(100) NOT NULL,
  `discipline` int(20) NOT NULL,
  `comm_skill` int(20) NOT NULL,
  `grooming` int(20) NOT NULL,
  `co_curricular` int(20) NOT NULL,
  `extra_curricular` int(20) NOT NULL,
  `responsibility` int(20) NOT NULL,
  `punctuality` int(20) NOT NULL,
  `behaviour` int(20) NOT NULL,
  `overall_grading` int(20) NOT NULL,
  PRIMARY KEY (`student_id`)
) ENGINE=InnoDB DEFAULT CHARSET=latin1;

--
-- Dumping data for table `proctor_grade_se`
--

INSERT INTO `proctor_grade_se` (`student_id`, `faculty_name`, `discipline`, `comm_skill`, `grooming`, `co_curricular`, `extra_curricular`, `responsibility`, `punctuality`, `behaviour`, `overall_grading`) VALUES
('2220070002', 'Nilambari Joshi', 0, 0, 0, 0, 0, 0, 0, 0, 0),
('2220070005', 'Nilambari Joshi', 0, 0, 0, 0, 0, 0, 0, 0, 0),
('2220100001', 'Chitra Pravin Bhole', 0, 0, 0, 0, 0, 0, 0, 0, 0),
('2220100002', 'Kavita Devanand Bathe', 0, 0, 0, 0, 0, 0, 0, 0, 0),
('2220100003', 'Kavita Devanand Bathe', 0, 0, 0, 0, 0, 0, 0, 0, 0),
('2220100004', 'Jignasha Vipul Dalal', 0, 0, 0, 0, 0, 0, 0, 0, 0),
('2220100005', 'Kavita Devanand Bathe', 0, 0, 0, 0, 0, 0, 0, 0, 0),
('2220100006', 'Kavita Devanand Bathe', 0, 0, 0, 0, 0, 0, 0, 0, 0),
('2220100007', 'Kavita Devanand Bathe', 0, 0, 0, 0, 0, 0, 0, 0, 0),
('2220100008', 'Jignasha Vipul Dalal', 0, 0, 0, 0, 0, 0, 0, 0, 0),
('2220100009', 'Kavita Devanand Bathe', 0, 0, 0, 0, 0, 0, 0, 0, 0),
('2220100010', 'Jignasha Vipul Dalal', 0, 0, 0, 0, 0, 0, 0, 0, 0),
('2220100011', 'Jignasha Vipul Dalal', 0, 0, 0, 0, 0, 0, 0, 0, 0),
('2220100012', 'Shubhada Labde', 0, 0, 0, 0, 0, 0, 0, 0, 0),
('2220100015', 'Jignasha Vipul Dalal', 0, 0, 0, 0, 0, 0, 0, 0, 0),
('2220100016', 'Kavita Devanand Bathe', 0, 0, 0, 0, 0, 0, 0, 0, 0),
('2220100017', 'Jignasha Vipul Dalal', 0, 0, 0, 0, 0, 0, 0, 0, 0),
('2220100018', 'Chitra Pravin Bhole', 0, 0, 0, 0, 0, 0, 0, 0, 0),
('2220100019', 'Uday Umakant Rote', 0, 0, 0, 0, 0, 0, 0, 0, 0),
('2220100020', 'Uday Umakant Rote', 0, 0, 0, 0, 0, 0, 0, 0, 0),
('2220100021', 'Uday Umakant Rote', 0, 0, 0, 0, 0, 0, 0, 0, 0),
('2220100022', 'Uday Umakant Rote', 0, 0, 0, 0, 0, 0, 0, 0, 0),
('2220100023', 'Jignasha Vipul Dalal', 0, 0, 0, 0, 0, 0, 0, 0, 0),
('2220100024', 'Uday Umakant Rote', 0, 0, 0, 0, 0, 0, 0, 0, 0),
('2220100025', 'Uday Umakant Rote', 0, 0, 0, 0, 0, 0, 0, 0, 0),
('2220100027', 'Jignasha Vipul Dalal', 0, 0, 0, 0, 0, 0, 0, 0, 0),
('2220100028', 'Uday Umakant Rote', 0, 0, 0, 0, 0, 0, 0, 0, 0),
('2220100031', 'Jignasha Vipul Dalal', 0, 0, 0, 0, 0, 0, 0, 0, 0),
('2220100032', 'Jignasha Vipul Dalal', 0, 0, 0, 0, 0, 0, 0, 0, 0),
('2220100033', 'Uday Umakant Rote', 0, 0, 0, 0, 0, 0, 0, 0, 0),
('2220100034', 'Uday Umakant Rote', 0, 0, 0, 0, 0, 0, 0, 0, 0),
('2220100035', 'Jignasha Vipul Dalal', 0, 0, 0, 0, 0, 0, 0, 0, 0),
('2220100036', 'Nilambari Joshi', 0, 0, 0, 0, 0, 0, 0, 0, 0),
('2220100037', 'Nilambari Joshi', 0, 0, 0, 0, 0, 0, 0, 0, 0),
('2220100038', 'Arvind Pandi Dorai', 0, 0, 0, 0, 0, 0, 0, 0, 0),
('2220100039', 'Nilambari Joshi', 0, 0, 0, 0, 0, 0, 0, 0, 0),
('2220100040', 'Nilambari Joshi', 0, 0, 0, 0, 0, 0, 0, 0, 0),
('2220100041', 'Nilambari Joshi', 0, 0, 0, 0, 0, 0, 0, 0, 0),
('2220100044', 'Jignasha Vipul Dalal', 0, 0, 0, 0, 0, 0, 0, 0, 0),
('2220100045', 'Jignasha Vipul Dalal', 0, 0, 0, 0, 0, 0, 0, 0, 0),
('2220100046', 'Arvind Pandi Dorai', 0, 0, 0, 0, 0, 0, 0, 0, 0),
('2220100050', 'Arvind Pandi Dorai', 0, 0, 0, 0, 0, 0, 0, 0, 0),
('2220100051', 'Nilambari Joshi', 0, 0, 0, 0, 0, 0, 0, 0, 0),
('2220100052', 'Jignasha Vipul Dalal', 0, 0, 0, 0, 0, 0, 0, 0, 0),
('2220100053', 'Jignasha Vipul Dalal', 0, 0, 0, 0, 0, 0, 0, 0, 0),
('2220100263', 'Jignasha Vipul Dalal', 0, 0, 0, 0, 0, 0, 0, 0, 0),
('2220100264', 'Kavita Devanand Bathe', 0, 0, 0, 0, 0, 0, 0, 0, 0),
('2220100265', 'Jignasha Vipul Dalal', 0, 0, 0, 0, 0, 0, 0, 0, 0),
('2220100266', 'Uday Umakant Rote', 0, 0, 0, 0, 0, 0, 0, 0, 0),
('2220100267', 'Uday Umakant Rote', 0, 0, 0, 0, 0, 0, 0, 0, 0),
('2220100268', 'Nilambari Joshi', 0, 0, 0, 0, 0, 0, 0, 0, 0),
('2220100269', 'Jignasha Vipul Dalal', 0, 0, 0, 0, 0, 0, 0, 0, 0),
('2220100301', 'Kavita Devanand Bathe', 0, 0, 0, 0, 0, 0, 0, 0, 0),
('2220110003', 'Arvind Pandi Dorai', 0, 0, 0, 0, 0, 0, 0, 0, 0),
('2220110004', 'Arvind Pandi Dorai', 0, 0, 0, 0, 0, 0, 0, 0, 0),
('2220110005', 'Arvind Pandi Dorai', 0, 0, 0, 0, 0, 0, 0, 0, 0),
('2220110006', 'Arvind Pandi Dorai', 0, 0, 0, 0, 0, 0, 0, 0, 0),
('2220110007', 'Arvind Pandi Dorai', 0, 0, 0, 0, 0, 0, 0, 0, 0),
('2220110008', 'Arvind Pandi Dorai', 0, 0, 0, 0, 0, 0, 0, 0, 0),
('2220110010', 'Arvind Pandi Dorai', 0, 0, 0, 0, 0, 0, 0, 0, 0),
('2220110011', 'Shraddha Joshi', 0, 0, 0, 0, 0, 0, 0, 0, 0),
('2220110012', 'Kavita Devanand Bathe', 0, 0, 0, 0, 0, 0, 0, 0, 0),
('2220110013', 'Chitra Pravin Bhole', 0, 0, 0, 0, 0, 0, 0, 0, 0),
('2220110014', 'Chitra Pravin Bhole', 0, 0, 0, 0, 0, 0, 0, 0, 0),
('2220110015', 'Chitra Pravin Bhole', 0, 0, 0, 0, 0, 0, 0, 0, 0),
('2220110016', 'Chitra Pravin Bhole', 0, 0, 0, 0, 0, 0, 0, 0, 0),
('2220110017', 'Chitra Pravin Bhole', 0, 0, 0, 0, 0, 0, 0, 0, 0),
('2220110019', 'Chitra Pravin Bhole', 0, 0, 0, 0, 0, 0, 0, 0, 0),
('2220110020', 'Arvind Pandi Dorai', 0, 0, 0, 0, 0, 0, 0, 0, 0),
('2220110022', 'Sarita Prashant Ambadekar', 0, 0, 0, 0, 0, 0, 0, 0, 0),
('2220110023', 'Arvind Pandi Dorai', 0, 0, 0, 0, 0, 0, 0, 0, 0),
('2220110024', 'Arvind Pandi Dorai', 0, 0, 0, 0, 0, 0, 0, 0, 0),
('2220110025', 'Arvind Pandi Dorai', 0, 0, 0, 0, 0, 0, 0, 0, 0),
('2220110026', 'Shyamal Satish Virnodkar', 0, 0, 0, 0, 0, 0, 0, 0, 0),
('2220110027', 'Arvind Pandi Dorai', 0, 0, 0, 0, 0, 0, 0, 0, 0),
('2220110028', 'Shraddha Joshi', 0, 0, 0, 0, 0, 0, 0, 0, 0),
('2220110029', 'Arvind Pandi Dorai', 0, 0, 0, 0, 0, 0, 0, 0, 0),
('2220110030', 'Arvind Pandi Dorai', 0, 0, 0, 0, 0, 0, 0, 0, 0),
('2220110031', 'Arvind Pandi Dorai', 0, 0, 0, 0, 0, 0, 0, 0, 0),
('2220110032', 'Arvind Pandi Dorai', 0, 0, 0, 0, 0, 0, 0, 0, 0),
('2220110033', 'Arvind Pandi Dorai', 0, 0, 0, 0, 0, 0, 0, 0, 0),
('2220110035', 'Shubhada Labde', 0, 0, 0, 0, 0, 0, 0, 0, 0),
('2220110036', 'Chitra Pravin Bhole', 0, 0, 0, 0, 0, 0, 0, 0, 0),
('2220110037', 'Chitra Pravin Bhole', 0, 0, 0, 0, 0, 0, 0, 0, 0),
('2220110039', 'Chitra Pravin Bhole', 0, 0, 0, 0, 0, 0, 0, 0, 0),
('2220110040', 'Arvind Pandi Dorai', 0, 0, 0, 0, 0, 0, 0, 0, 0),
('2220110041', 'Chitra Pravin Bhole', 0, 0, 0, 0, 0, 0, 0, 0, 0),
('2220110042', 'Arvind Pandi Dorai', 0, 0, 0, 0, 0, 0, 0, 0, 0),
('2220110043', 'Shraddha Joshi', 0, 0, 0, 0, 0, 0, 0, 0, 0),
('2220110044', 'Shraddha Joshi', 0, 0, 0, 0, 0, 0, 0, 0, 0),
('2220110045', 'Shraddha Joshi', 0, 0, 0, 0, 0, 0, 0, 0, 0),
('2220110047', 'Arvind Pandi Dorai', 0, 0, 0, 0, 0, 0, 0, 0, 0),
('2220110048', '', 0, 0, 0, 0, 0, 0, 0, 0, 0),
('2220110049', 'Chitra Pravin Bhole', 0, 0, 0, 0, 0, 0, 0, 0, 0),
('2220110051', 'Shyamal Satish Virnodkar', 4, 4, 3, 2, 1, 3, 5, 5, 5),
('2220110053', 'Arvind Pandi Dorai', 0, 0, 0, 0, 0, 0, 0, 0, 0),
('2220110054', 'Arvind Pandi Dorai', 0, 0, 0, 0, 0, 0, 0, 0, 0),
('2220110055', 'Chitra Pravin Bhole', 0, 0, 0, 0, 0, 0, 0, 0, 0),
('2220110056', 'Arvind Pandi Dorai', 0, 0, 0, 0, 0, 0, 0, 0, 0),
('2220110057', 'Arvind Pandi Dorai', 0, 0, 0, 0, 0, 0, 0, 0, 0),
('2220110058', 'Arvind Pandi Dorai', 0, 0, 0, 0, 0, 0, 0, 0, 0),
('2220110059', 'Chitra Pravin Bhole', 0, 0, 0, 0, 0, 0, 0, 0, 0),
('2220110060', 'Shraddha Joshi', 0, 0, 0, 0, 0, 0, 0, 0, 0),
('2220110061', 'Arvind Pandi Dorai', 0, 0, 0, 0, 0, 0, 0, 0, 0),
('2220110063', 'Arvind Pandi Dorai', 0, 0, 0, 0, 0, 0, 0, 0, 0),
('2220110064', 'Arvind Pandi Dorai', 0, 0, 0, 0, 0, 0, 0, 0, 0),
('2220110304', 'Nilambari Joshi', 0, 0, 0, 0, 0, 0, 0, 0, 0),
('2220110305', 'Kavita Devanand Bathe', 0, 0, 0, 0, 0, 0, 0, 0, 0),
('2220110306', 'Nilambari Joshi', 0, 0, 0, 0, 0, 0, 0, 0, 0),
('2220110307', 'Jignasha Vipul Dalal', 0, 0, 0, 0, 0, 0, 0, 0, 0),
('2220110308', 'Nilambari Joshi', 0, 0, 0, 0, 0, 0, 0, 0, 0),
('2220110309', 'Jignasha Vipul Dalal', 0, 0, 0, 0, 0, 0, 0, 0, 0),
('2220110310', 'Jignasha Vipul Dalal', 0, 0, 0, 0, 0, 0, 0, 0, 0),
('2220110311', 'Jignasha Vipul Dalal', 0, 0, 0, 0, 0, 0, 0, 0, 0),
('2220110312', 'Jignasha Vipul Dalal', 0, 0, 0, 0, 0, 0, 0, 0, 0),
('2220110313', 'Kavita Devanand Bathe', 0, 0, 0, 0, 0, 0, 0, 0, 0),
('2220110314', 'Kavita Devanand Bathe', 0, 0, 0, 0, 0, 0, 0, 0, 0),
('2220110315', 'Jignasha Vipul Dalal', 0, 0, 0, 0, 0, 0, 0, 0, 0),
('2220110316', 'Jignasha Vipul Dalal', 0, 0, 0, 0, 0, 0, 0, 0, 0),
('2220110317', 'Jignasha Vipul Dalal', 0, 0, 0, 0, 0, 0, 0, 0, 0),
('2220110318', 'Nilambari Joshi', 0, 0, 0, 0, 0, 0, 0, 0, 0),
('2220110319', 'Uday Umakant Rote', 0, 0, 0, 0, 0, 0, 0, 0, 0),
('2220110404', 'Kavita Devanand Bathe', 0, 0, 0, 0, 0, 0, 0, 0, 0),
('2220110432', 'Chitra Pravin Bhole', 0, 0, 0, 0, 0, 0, 0, 0, 0),
('2220120006', 'Jignasha Vipul Dalal', 0, 0, 0, 0, 0, 0, 0, 0, 0),
('2220120008', 'Jyoti Ganesh Wadmare', 0, 0, 0, 0, 0, 0, 0, 0, 0),
('2220120009', 'Nilambari Joshi', 0, 0, 0, 0, 0, 0, 0, 0, 0),
('2220120056', 'Jyoti Ganesh Wadmare', 0, 0, 0, 0, 0, 0, 0, 0, 0),
('2220120065', 'Uday Umakant Rote', 0, 0, 0, 0, 0, 0, 0, 0, 0),
('2220120070', 'Sarita Prashant Ambadekar', 0, 0, 0, 0, 0, 0, 0, 0, 0),
('2220120071', 'Sarita Prashant Ambadekar', 0, 0, 0, 0, 0, 0, 0, 0, 0),
('2220120074', 'Shyamal Satish Virnodkar', 4, 4, 4, 2, 1, 4, 4, 4, 4),
('2220120075', 'Shyamal Satish Virnodkar', 5, 5, 5, 3, 2, 4, 5, 5, 5),
('2220120077', 'Shyamal Satish Virnodkar', 0, 0, 0, 0, 0, 0, 0, 0, 0),
('2220120078', 'Sarita Prashant Ambadekar', 0, 0, 0, 0, 0, 0, 0, 0, 0),
('2220120079', 'Sarita Prashant Ambadekar', 0, 0, 0, 0, 0, 0, 0, 0, 0),
('2220120080', 'Sarita Prashant Ambadekar', 0, 0, 0, 0, 0, 0, 0, 0, 0),
('2220120081', 'Shyamal Satish Virnodkar', 4, 3, 3, 1, 1, 2, 4, 4, 3),
('2220120085', 'Shraddha Joshi', 0, 0, 0, 0, 0, 0, 0, 0, 0),
('2220120086', 'Shubhada Labde', 0, 0, 0, 0, 0, 0, 0, 0, 0),
('2220120088', 'Shyamal Satish Virnodkar', 4, 3, 3, 1, 1, 2, 5, 5, 3),
('2220120090', 'Shyamal Satish Virnodkar', 0, 0, 0, 0, 0, 0, 0, 0, 0),
('2220120091', 'Sarita Prashant Ambadekar', 0, 0, 0, 0, 0, 0, 0, 0, 0),
('2220120092', 'Sarita Prashant Ambadekar', 0, 0, 0, 0, 0, 0, 0, 0, 0),
('2220120093', 'Shraddha Joshi', 0, 0, 0, 0, 0, 0, 0, 0, 0),
('2220120094', 'Shyamal Satish Virnodkar', 4, 4, 4, 1, 1, 3, 5, 5, 4),
('2220120095', 'Shyamal Satish Virnodkar', 2, 2, 2, 1, 1, 2, 2, 3, 2),
('2220120096', 'Shraddha Joshi', 0, 0, 0, 0, 0, 0, 0, 0, 0),
('2220120097', 'Sarita Prashant Ambadekar', 0, 0, 0, 0, 0, 0, 0, 0, 0),
('2220120098', 'Shubhada Labde', 0, 0, 0, 0, 0, 0, 0, 0, 0),
('2220120099', 'Shubhada Labde', 0, 0, 0, 0, 0, 0, 0, 0, 0),
('2220120100', 'Shraddha Joshi', 0, 0, 0, 0, 0, 0, 0, 0, 0),
('2220120101', 'Shubhada Labde', 0, 0, 0, 0, 0, 0, 0, 0, 0),
('2220120102', 'Shraddha Joshi', 0, 0, 0, 0, 0, 0, 0, 0, 0),
('2220120103', 'Shyamal Satish Virnodkar', 5, 5, 5, 5, 5, 5, 4, 5, 5),
('2220120104', 'Shyamal Satish Virnodkar', 2, 2, 2, 1, 1, 2, 1, 1, 1),
('2220120105', 'Shraddha Joshi', 0, 0, 0, 0, 0, 0, 0, 0, 0),
('2220120107', 'Shraddha Joshi', 0, 0, 0, 0, 0, 0, 0, 0, 0),
('2220120108', 'Shraddha Joshi', 0, 0, 0, 0, 0, 0, 0, 0, 0),
('2220120110', 'Shyamal Satish Virnodkar', 3, 2, 3, 1, 1, 2, 3, 4, 3),
('2220120111', 'Sarita Prashant Ambadekar', 0, 0, 0, 0, 0, 0, 0, 0, 0),
('2220120112', 'Shubhada Labde', 0, 0, 0, 0, 0, 0, 0, 0, 0),
('2220120113', 'Shyamal Satish Virnodkar', 4, 3, 3, 2, 5, 3, 5, 5, 4),
('2220120114', 'Shraddha Joshi', 0, 0, 0, 0, 0, 0, 0, 0, 0),
('2220120115', 'Shubhada Labde', 0, 0, 0, 0, 0, 0, 0, 0, 0),
('2220120116', 'Shyamal Satish Virnodkar', 4, 3, 3, 1, 1, 3, 5, 5, 4),
('2220120118', 'Shubhada Labde', 0, 0, 0, 0, 0, 0, 0, 0, 0),
('2220120119', 'Shraddha Joshi', 0, 0, 0, 0, 0, 0, 0, 0, 0),
('2220120121', 'Sarita Prashant Ambadekar', 0, 0, 0, 0, 0, 0, 0, 0, 0),
('2220120122', 'Shyamal Satish Virnodkar', 4, 4, 4, 4, 5, 5, 4, 5, 4),
('2220120123', 'Sarita Prashant Ambadekar', 0, 0, 0, 0, 0, 0, 0, 0, 0),
('2220120124', 'Sarita Prashant Ambadekar', 0, 0, 0, 0, 0, 0, 0, 0, 0),
('2220120126', 'Sarita Prashant Ambadekar', 0, 0, 0, 0, 0, 0, 0, 0, 0),
('2220120127', 'Shyamal Satish Virnodkar', 0, 0, 0, 0, 0, 0, 0, 0, 0),
('2220120129', 'Sarita Prashant Ambadekar', 0, 0, 0, 0, 0, 0, 0, 0, 0),
('2220120149', 'Arvind Pandi Dorai', 0, 0, 0, 0, 0, 0, 0, 0, 0),
('2220120154', 'Jyoti Ganesh Wadmare', 0, 0, 0, 0, 0, 0, 0, 0, 0),
('2220120166', 'Arvind Pandi Dorai', 0, 0, 0, 0, 0, 0, 0, 0, 0),
('2220120170', 'Arvind Pandi Dorai', 0, 0, 0, 0, 0, 0, 0, 0, 0),
('2220120174', 'Jyoti Ganesh Wadmare', 0, 0, 0, 0, 0, 0, 0, 0, 0),
('2220120179', 'Jyoti Ganesh Wadmare', 0, 0, 0, 0, 0, 0, 0, 0, 0),
('2220120185', 'Arvind Pandi Dorai', 0, 0, 0, 0, 0, 0, 0, 0, 0),
('2220120188', 'Jyoti Ganesh Wadmare', 0, 0, 0, 0, 0, 0, 0, 0, 0),
('2220120199', 'Jyoti Ganesh Wadmare', 0, 0, 0, 0, 0, 0, 0, 0, 0),
('2220120204', 'Jyoti Ganesh Wadmare', 0, 0, 0, 0, 0, 0, 0, 0, 0),
('2220120220', 'Jyoti Ganesh Wadmare', 0, 0, 0, 0, 0, 0, 0, 0, 0),
('2220120233', 'Jyoti Ganesh Wadmare', 0, 0, 0, 0, 0, 0, 0, 0, 0),
('2220120236', 'Jyoti Ganesh Wadmare', 0, 0, 0, 0, 0, 0, 0, 0, 0),
('2220120239', 'Arvind Pandi Dorai', 0, 0, 0, 0, 0, 0, 0, 0, 0),
('2220120242', 'Jyoti Ganesh Wadmare', 0, 0, 0, 0, 0, 0, 0, 0, 0),
('2220120243', 'Jyoti Ganesh Wadmare', 0, 0, 0, 0, 0, 0, 0, 0, 0),
('2220120244', 'Jyoti Ganesh Wadmare', 0, 0, 0, 0, 0, 0, 0, 0, 0),
('2220120245', 'Jyoti Ganesh Wadmare', 0, 0, 0, 0, 0, 0, 0, 0, 0),
('2220120246', 'Jyoti Ganesh Wadmare', 0, 0, 0, 0, 0, 0, 0, 0, 0),
('2220120247', 'Jyoti Ganesh Wadmare', 0, 0, 0, 0, 0, 0, 0, 0, 0),
('2220120248', 'Jyoti Ganesh Wadmare', 0, 0, 0, 0, 0, 0, 0, 0, 0),
('2220120250', 'Jyoti Ganesh Wadmare', 0, 0, 0, 0, 0, 0, 0, 0, 0),
('2220120474', 'Shraddha Joshi', 0, 0, 0, 0, 0, 0, 0, 0, 0),
('2220120479', 'Shubhada Labde', 0, 0, 0, 0, 0, 0, 0, 0, 0),
('2220120480', 'Shraddha Joshi', 0, 0, 0, 0, 0, 0, 0, 0, 0),
('2220120497', '', 0, 0, 0, 0, 0, 0, 0, 0, 0),
('2220130302', 'Shraddha Joshi', 0, 0, 0, 0, 0, 0, 0, 0, 0),
('2220130304', 'Shyamal Satish Virnodkar', 3, 3, 3, 1, 1, 3, 1, 2, 2),
('2220130305', 'Shubhada Labde', 0, 0, 0, 0, 0, 0, 0, 0, 0),
('2220130307', 'Shubhada Labde', 0, 0, 0, 0, 0, 0, 0, 0, 0),
('2220130308', 'Shraddha Joshi', 0, 0, 0, 0, 0, 0, 0, 0, 0),
('2220130309', 'Shyamal Satish Virnodkar', 5, 4, 4, 3, 5, 4, 5, 5, 4),
('2220130310', 'Shyamal Satish Virnodkar', 4, 4, 3, 2, 2, 3, 4, 5, 4),
('2220130311', '', 0, 0, 0, 0, 0, 0, 0, 0, 0),
('2220130312', 'Shyamal Satish Virnodkar', 4, 4, 3, 1, 1, 2, 5, 5, 3),
('2220130313', 'Sarita Prashant Ambadekar', 0, 0, 0, 0, 0, 0, 0, 0, 0);

-- --------------------------------------------------------

--
-- Table structure for table `proctor_grade_te`
--

CREATE TABLE IF NOT EXISTS `proctor_grade_te` (
  `student_id` varchar(20) NOT NULL,
  `faculty_name` varchar(100) NOT NULL,
  `discipline` int(20) NOT NULL,
  `comm_skill` int(20) NOT NULL,
  `grooming` int(20) NOT NULL,
  `co_curricular` int(20) NOT NULL,
  `extra_curricular` int(20) NOT NULL,
  `responsibility` int(20) NOT NULL,
  `punctuality` int(20) NOT NULL,
  `behaviour` int(20) NOT NULL,
  `overall_grading` int(20) NOT NULL,
  PRIMARY KEY (`student_id`)
) ENGINE=InnoDB DEFAULT CHARSET=latin1;

--
-- Dumping data for table `proctor_grade_te`
--

INSERT INTO `proctor_grade_te` (`student_id`, `faculty_name`, `discipline`, `comm_skill`, `grooming`, `co_curricular`, `extra_curricular`, `responsibility`, `punctuality`, `behaviour`, `overall_grading`) VALUES
('2220070002', 'Nilambari Joshi', 0, 0, 0, 0, 0, 0, 0, 0, 0),
('2220070005', 'Nilambari Joshi', 0, 0, 0, 0, 0, 0, 0, 0, 0),
('2220100001', 'Chitra Pravin Bhole', 0, 0, 0, 0, 0, 0, 0, 0, 0),
('2220100002', 'Kavita Devanand Bathe', 0, 0, 0, 0, 0, 0, 0, 0, 0),
('2220100003', 'Kavita Devanand Bathe', 0, 0, 0, 0, 0, 0, 0, 0, 0),
('2220100004', 'Jignasha Vipul Dalal', 0, 0, 0, 0, 0, 0, 0, 0, 0),
('2220100005', 'Kavita Devanand Bathe', 0, 0, 0, 0, 0, 0, 0, 0, 0),
('2220100006', 'Kavita Devanand Bathe', 0, 0, 0, 0, 0, 0, 0, 0, 0),
('2220100007', 'Kavita Devanand Bathe', 0, 0, 0, 0, 0, 0, 0, 0, 0),
('2220100008', 'Jignasha Vipul Dalal', 0, 0, 0, 0, 0, 0, 0, 0, 0),
('2220100009', 'Kavita Devanand Bathe', 0, 0, 0, 0, 0, 0, 0, 0, 0),
('2220100010', 'Jignasha Vipul Dalal', 0, 0, 0, 0, 0, 0, 0, 0, 0),
('2220100011', 'Jignasha Vipul Dalal', 0, 0, 0, 0, 0, 0, 0, 0, 0),
('2220100012', 'Shubhada Labde', 0, 0, 0, 0, 0, 0, 0, 0, 0),
('2220100015', 'Jignasha Vipul Dalal', 0, 0, 0, 0, 0, 0, 0, 0, 0),
('2220100016', 'Kavita Devanand Bathe', 0, 0, 0, 0, 0, 0, 0, 0, 0),
('2220100017', 'Jignasha Vipul Dalal', 0, 0, 0, 0, 0, 0, 0, 0, 0),
('2220100018', 'Chitra Pravin Bhole', 3, 3, 3, 2, 2, 3, 3, 3, 3),
('2220100019', 'Uday Umakant Rote', 0, 0, 0, 0, 0, 0, 0, 0, 0),
('2220100020', 'Uday Umakant Rote', 0, 0, 0, 0, 0, 0, 0, 0, 0),
('2220100021', 'Uday Umakant Rote', 0, 0, 0, 0, 0, 0, 0, 0, 0),
('2220100022', 'Uday Umakant Rote', 0, 0, 0, 0, 0, 0, 0, 0, 0),
('2220100023', 'Jignasha Vipul Dalal', 0, 0, 0, 0, 0, 0, 0, 0, 0),
('2220100024', 'Uday Umakant Rote', 0, 0, 0, 0, 0, 0, 0, 0, 0),
('2220100025', 'Uday Umakant Rote', 0, 0, 0, 0, 0, 0, 0, 0, 0),
('2220100027', 'Jignasha Vipul Dalal', 0, 0, 0, 0, 0, 0, 0, 0, 0),
('2220100028', 'Uday Umakant Rote', 0, 0, 0, 0, 0, 0, 0, 0, 0),
('2220100031', 'Jignasha Vipul Dalal', 0, 0, 0, 0, 0, 0, 0, 0, 0),
('2220100032', 'Jignasha Vipul Dalal', 0, 0, 0, 0, 0, 0, 0, 0, 0),
('2220100033', 'Uday Umakant Rote', 0, 0, 0, 0, 0, 0, 0, 0, 0),
('2220100034', 'Uday Umakant Rote', 0, 0, 0, 0, 0, 0, 0, 0, 0),
('2220100035', 'Jignasha Vipul Dalal', 0, 0, 0, 0, 0, 0, 0, 0, 0),
('2220100036', 'Nilambari Joshi', 0, 0, 0, 0, 0, 0, 0, 0, 0),
('2220100037', 'Nilambari Joshi', 0, 0, 0, 0, 0, 0, 0, 0, 0),
('2220100038', 'Arvind Pandi Dorai', 3, 3, 3, 2, 2, 3, 3, 3, 3),
('2220100039', 'Nilambari Joshi', 0, 0, 0, 0, 0, 0, 0, 0, 0),
('2220100040', 'Nilambari Joshi', 0, 0, 0, 0, 0, 0, 0, 0, 0),
('2220100041', 'Nilambari Joshi', 0, 0, 0, 0, 0, 0, 0, 0, 0),
('2220100044', 'Jignasha Vipul Dalal', 0, 0, 0, 0, 0, 0, 0, 0, 0),
('2220100045', 'Jignasha Vipul Dalal', 0, 0, 0, 0, 0, 0, 0, 0, 0),
('2220100046', 'Arvind Pandi Dorai', 4, 3, 4, 3, 2, 3, 4, 4, 4),
('2220100050', 'Arvind Pandi Dorai', 3, 3, 3, 3, 3, 3, 2, 3, 3),
('2220100051', 'Nilambari Joshi', 0, 0, 0, 0, 0, 0, 0, 0, 0),
('2220100052', 'Jignasha Vipul Dalal', 0, 0, 0, 0, 0, 0, 0, 0, 0),
('2220100053', 'Jignasha Vipul Dalal', 0, 0, 0, 0, 0, 0, 0, 0, 0),
('2220100263', 'Jignasha Vipul Dalal', 0, 0, 0, 0, 0, 0, 0, 0, 0),
('2220100264', 'Kavita Devanand Bathe', 0, 0, 0, 0, 0, 0, 0, 0, 0),
('2220100265', 'Jignasha Vipul Dalal', 0, 0, 0, 0, 0, 0, 0, 0, 0),
('2220100266', 'Uday Umakant Rote', 0, 0, 0, 0, 0, 0, 0, 0, 0),
('2220100267', 'Uday Umakant Rote', 0, 0, 0, 0, 0, 0, 0, 0, 0),
('2220100268', 'Nilambari Joshi', 0, 0, 0, 0, 0, 0, 0, 0, 0),
('2220100269', 'Jignasha Vipul Dalal', 0, 0, 0, 0, 0, 0, 0, 0, 0),
('2220100301', 'Kavita Devanand Bathe', 0, 0, 0, 0, 0, 0, 0, 0, 0),
('2220110003', 'Arvind Pandi Dorai', 5, 4, 4, 4, 5, 4, 5, 5, 5),
('2220110004', 'Arvind Pandi Dorai', 4, 3, 3, 4, 4, 4, 4, 5, 4),
('2220110005', 'Arvind Pandi Dorai', 4, 5, 5, 4, 5, 4, 5, 5, 5),
('2220110006', 'Arvind Pandi Dorai', 4, 3, 3, 4, 3, 3, 5, 4, 3),
('2220110007', 'Arvind Pandi Dorai', 4, 4, 4, 4, 5, 4, 4, 5, 4),
('2220110008', 'Arvind Pandi Dorai', 3, 2, 3, 3, 2, 3, 3, 3, 3),
('2220110010', 'Arvind Pandi Dorai', 3, 3, 3, 3, 3, 3, 3, 3, 3),
('2220110011', 'Shraddha Joshi', 0, 0, 0, 0, 0, 0, 0, 0, 0),
('2220110012', 'Kavita Devanand Bathe', 0, 0, 0, 0, 0, 0, 0, 0, 0),
('2220110013', 'Chitra Pravin Bhole', 4, 3, 3, 3, 3, 4, 3, 4, 3),
('2220110014', 'Chitra Pravin Bhole', 5, 4, 4, 2, 4, 5, 4, 4, 4),
('2220110015', 'Chitra Pravin Bhole', 5, 5, 5, 3, 5, 5, 4, 5, 5),
('2220110016', 'Chitra Pravin Bhole', 5, 5, 5, 2, 3, 4, 5, 5, 5),
('2220110017', 'Chitra Pravin Bhole', 0, 0, 0, 0, 0, 0, 0, 0, 0),
('2220110019', 'Chitra Pravin Bhole', 4, 4, 3, 2, 2, 4, 3, 4, 3),
('2220110020', 'Arvind Pandi Dorai', 0, 0, 0, 0, 0, 0, 0, 0, 0),
('2220110022', 'Sarita Prashant Ambadekar', 0, 0, 0, 0, 0, 0, 0, 0, 0),
('2220110023', 'Arvind Pandi Dorai', 3, 4, 4, 5, 3, 3, 3, 3, 3),
('2220110024', 'Arvind Pandi Dorai', 3, 3, 3, 3, 3, 3, 2, 4, 3),
('2220110025', 'Arvind Pandi Dorai', 5, 4, 4, 4, 5, 4, 5, 5, 5),
('2220110026', 'Shyamal Satish Virnodkar', 0, 0, 0, 0, 0, 0, 0, 0, 0),
('2220110027', 'Arvind Pandi Dorai', 4, 4, 3, 4, 4, 3, 2, 4, 3),
('2220110028', 'Shraddha Joshi', 0, 0, 0, 0, 0, 0, 0, 0, 0),
('2220110029', 'Arvind Pandi Dorai', 4, 4, 4, 3, 4, 3, 3, 4, 3),
('2220110030', 'Arvind Pandi Dorai', 4, 3, 3, 3, 3, 3, 3, 4, 3),
('2220110031', 'Arvind Pandi Dorai', 3, 2, 2, 3, 2, 3, 2, 3, 3),
('2220110032', 'Arvind Pandi Dorai', 3, 3, 3, 3, 3, 3, 3, 3, 3),
('2220110033', 'Arvind Pandi Dorai', 3, 3, 3, 3, 4, 3, 2, 3, 3),
('2220110035', 'Shubhada Labde', 0, 0, 0, 0, 0, 0, 0, 0, 0),
('2220110036', 'Chitra Pravin Bhole', 4, 4, 4, 2, 4, 4, 3, 5, 4),
('2220110037', 'Chitra Pravin Bhole', 0, 0, 0, 0, 0, 0, 0, 0, 0),
('2220110039', 'Chitra Pravin Bhole', 5, 5, 5, 3, 5, 5, 5, 5, 5),
('2220110040', 'Arvind Pandi Dorai', 4, 4, 4, 5, 4, 3, 5, 4, 4),
('2220110041', 'Chitra Pravin Bhole', 0, 0, 0, 0, 0, 0, 0, 0, 0),
('2220110042', 'Arvind Pandi Dorai', 4, 4, 4, 3, 5, 4, 4, 4, 4),
('2220110043', 'Shraddha Joshi', 0, 0, 0, 0, 0, 0, 0, 0, 0),
('2220110044', 'Shraddha Joshi', 0, 0, 0, 0, 0, 0, 0, 0, 0),
('2220110045', 'Shraddha Joshi', 0, 0, 0, 0, 0, 0, 0, 0, 0),
('2220110047', 'Arvind Pandi Dorai', 3, 3, 4, 4, 4, 3, 3, 3, 3),
('2220110048', '', 0, 0, 0, 0, 0, 0, 0, 0, 0),
('2220110049', 'Chitra Pravin Bhole', 0, 0, 0, 0, 0, 0, 0, 0, 0),
('2220110051', 'Shyamal Satish Virnodkar', 0, 0, 0, 0, 0, 0, 0, 0, 0),
('2220110053', 'Arvind Pandi Dorai', 3, 2, 3, 3, 3, 3, 3, 4, 3),
('2220110054', 'Arvind Pandi Dorai', 3, 3, 3, 3, 4, 4, 3, 3, 3),
('2220110055', 'Chitra Pravin Bhole', 5, 4, 4, 3, 3, 4, 4, 5, 4),
('2220110056', 'Arvind Pandi Dorai', 4, 2, 3, 4, 3, 4, 5, 5, 3),
('2220110057', 'Arvind Pandi Dorai', 4, 4, 4, 4, 5, 4, 4, 4, 4),
('2220110058', 'Arvind Pandi Dorai', 3, 2, 3, 3, 3, 3, 3, 4, 3),
('2220110059', 'Chitra Pravin Bhole', 4, 4, 4, 3, 4, 4, 4, 5, 4),
('2220110060', 'Shraddha Joshi', 0, 0, 0, 0, 0, 0, 0, 0, 0),
('2220110061', 'Arvind Pandi Dorai', 3, 2, 2, 3, 3, 3, 3, 3, 3),
('2220110063', 'Arvind Pandi Dorai', 4, 4, 5, 4, 5, 4, 4, 4, 4),
('2220110064', 'Arvind Pandi Dorai', 3, 3, 3, 2, 2, 3, 2, 3, 3),
('2220110304', 'Nilambari Joshi', 0, 0, 0, 0, 0, 0, 0, 0, 0),
('2220110305', 'Kavita Devanand Bathe', 0, 0, 0, 0, 0, 0, 0, 0, 0),
('2220110306', 'Nilambari Joshi', 0, 0, 0, 0, 0, 0, 0, 0, 0),
('2220110307', 'Jignasha Vipul Dalal', 0, 0, 0, 0, 0, 0, 0, 0, 0),
('2220110308', 'Nilambari Joshi', 0, 0, 0, 0, 0, 0, 0, 0, 0),
('2220110309', 'Jignasha Vipul Dalal', 0, 0, 0, 0, 0, 0, 0, 0, 0),
('2220110310', 'Jignasha Vipul Dalal', 0, 0, 0, 0, 0, 0, 0, 0, 0),
('2220110311', 'Jignasha Vipul Dalal', 0, 0, 0, 0, 0, 0, 0, 0, 0),
('2220110312', 'Jignasha Vipul Dalal', 0, 0, 0, 0, 0, 0, 0, 0, 0),
('2220110313', 'Kavita Devanand Bathe', 0, 0, 0, 0, 0, 0, 0, 0, 0),
('2220110314', 'Kavita Devanand Bathe', 0, 0, 0, 0, 0, 0, 0, 0, 0),
('2220110315', 'Jignasha Vipul Dalal', 0, 0, 0, 0, 0, 0, 0, 0, 0),
('2220110316', 'Jignasha Vipul Dalal', 0, 0, 0, 0, 0, 0, 0, 0, 0),
('2220110317', 'Jignasha Vipul Dalal', 0, 0, 0, 0, 0, 0, 0, 0, 0),
('2220110318', 'Nilambari Joshi', 0, 0, 0, 0, 0, 0, 0, 0, 0),
('2220110319', 'Uday Umakant Rote', 0, 0, 0, 0, 0, 0, 0, 0, 0),
('2220110404', 'Kavita Devanand Bathe', 0, 0, 0, 0, 0, 0, 0, 0, 0),
('2220110432', 'Chitra Pravin Bhole', 5, 4, 4, 2, 3, 4, 4, 5, 4),
('2220120006', 'Jignasha Vipul Dalal', 0, 0, 0, 0, 0, 0, 0, 0, 0),
('2220120008', 'Jyoti Ganesh Wadmare', 3, 3, 3, 2, 2, 2, 1, 4, 3),
('2220120009', 'Nilambari Joshi', 0, 0, 0, 0, 0, 0, 0, 0, 0),
('2220120056', 'Jyoti Ganesh Wadmare', 3, 3, 3, 2, 2, 2, 1, 4, 2),
('2220120065', 'Uday Umakant Rote', 0, 0, 0, 0, 0, 0, 0, 0, 0),
('2220120070', 'Sarita Prashant Ambadekar', 0, 0, 0, 0, 0, 0, 0, 0, 0),
('2220120071', 'Sarita Prashant Ambadekar', 0, 0, 0, 0, 0, 0, 0, 0, 0),
('2220120074', 'Shyamal Satish Virnodkar', 0, 0, 0, 0, 0, 0, 0, 0, 0),
('2220120075', 'Shyamal Satish Virnodkar', 0, 0, 0, 0, 0, 0, 0, 0, 0),
('2220120077', 'Shyamal Satish Virnodkar', 0, 0, 0, 0, 0, 0, 0, 0, 0),
('2220120078', 'Sarita Prashant Ambadekar', 0, 0, 0, 0, 0, 0, 0, 0, 0),
('2220120079', 'Sarita Prashant Ambadekar', 0, 0, 0, 0, 0, 0, 0, 0, 0),
('2220120080', 'Sarita Prashant Ambadekar', 0, 0, 0, 0, 0, 0, 0, 0, 0),
('2220120081', 'Shyamal Satish Virnodkar', 0, 0, 0, 0, 0, 0, 0, 0, 0),
('2220120085', 'Shraddha Joshi', 0, 0, 0, 0, 0, 0, 0, 0, 0),
('2220120086', 'Shubhada Labde', 0, 0, 0, 0, 0, 0, 0, 0, 0),
('2220120088', 'Shyamal Satish Virnodkar', 0, 0, 0, 0, 0, 0, 0, 0, 0),
('2220120090', 'Shyamal Satish Virnodkar', 0, 0, 0, 0, 0, 0, 0, 0, 0),
('2220120091', 'Sarita Prashant Ambadekar', 0, 0, 0, 0, 0, 0, 0, 0, 0),
('2220120092', 'Sarita Prashant Ambadekar', 0, 0, 0, 0, 0, 0, 0, 0, 0),
('2220120093', 'Shraddha Joshi', 0, 0, 0, 0, 0, 0, 0, 0, 0),
('2220120094', 'Shyamal Satish Virnodkar', 0, 0, 0, 0, 0, 0, 0, 0, 0),
('2220120095', 'Shyamal Satish Virnodkar', 0, 0, 0, 0, 0, 0, 0, 0, 0),
('2220120096', 'Shraddha Joshi', 0, 0, 0, 0, 0, 0, 0, 0, 0),
('2220120097', 'Sarita Prashant Ambadekar', 0, 0, 0, 0, 0, 0, 0, 0, 0),
('2220120098', 'Shubhada Labde', 0, 0, 0, 0, 0, 0, 0, 0, 0),
('2220120099', 'Shubhada Labde', 0, 0, 0, 0, 0, 0, 0, 0, 0),
('2220120100', 'Shraddha Joshi', 0, 0, 0, 0, 0, 0, 0, 0, 0),
('2220120101', 'Shubhada Labde', 0, 0, 0, 0, 0, 0, 0, 0, 0),
('2220120102', 'Shraddha Joshi', 0, 0, 0, 0, 0, 0, 0, 0, 0),
('2220120103', 'Shyamal Satish Virnodkar', 0, 0, 0, 0, 0, 0, 0, 0, 0),
('2220120104', 'Shyamal Satish Virnodkar', 0, 0, 0, 0, 0, 0, 0, 0, 0),
('2220120105', 'Shraddha Joshi', 0, 0, 0, 0, 0, 0, 0, 0, 0),
('2220120107', 'Shraddha Joshi', 0, 0, 0, 0, 0, 0, 0, 0, 0),
('2220120108', 'Shraddha Joshi', 0, 0, 0, 0, 0, 0, 0, 0, 0),
('2220120110', 'Shyamal Satish Virnodkar', 0, 0, 0, 0, 0, 0, 0, 0, 0),
('2220120111', 'Sarita Prashant Ambadekar', 0, 0, 0, 0, 0, 0, 0, 0, 0),
('2220120112', 'Shubhada Labde', 0, 0, 0, 0, 0, 0, 0, 0, 0),
('2220120113', 'Shyamal Satish Virnodkar', 0, 0, 0, 0, 0, 0, 0, 0, 0),
('2220120114', 'Shraddha Joshi', 0, 0, 0, 0, 0, 0, 0, 0, 0),
('2220120115', 'Shubhada Labde', 0, 0, 0, 0, 0, 0, 0, 0, 0),
('2220120116', 'Shyamal Satish Virnodkar', 0, 0, 0, 0, 0, 0, 0, 0, 0),
('2220120118', 'Shubhada Labde', 0, 0, 0, 0, 0, 0, 0, 0, 0),
('2220120119', 'Shraddha Joshi', 0, 0, 0, 0, 0, 0, 0, 0, 0),
('2220120121', 'Sarita Prashant Ambadekar', 0, 0, 0, 0, 0, 0, 0, 0, 0),
('2220120122', 'Shyamal Satish Virnodkar', 0, 0, 0, 0, 0, 0, 0, 0, 0),
('2220120123', 'Sarita Prashant Ambadekar', 0, 0, 0, 0, 0, 0, 0, 0, 0),
('2220120124', 'Sarita Prashant Ambadekar', 0, 0, 0, 0, 0, 0, 0, 0, 0),
('2220120126', 'Sarita Prashant Ambadekar', 0, 0, 0, 0, 0, 0, 0, 0, 0),
('2220120127', 'Shyamal Satish Virnodkar', 0, 0, 0, 0, 0, 0, 0, 0, 0),
('2220120129', 'Sarita Prashant Ambadekar', 0, 0, 0, 0, 0, 0, 0, 0, 0),
('2220120149', 'Arvind Pandi Dorai', 4, 3, 3, 4, 2, 3, 5, 4, 3),
('2220120154', 'Jyoti Ganesh Wadmare', 5, 4, 4, 4, 4, 4, 5, 4, 4),
('2220120166', 'Arvind Pandi Dorai', 4, 3, 3, 3, 4, 4, 3, 4, 3),
('2220120170', 'Arvind Pandi Dorai', 3, 2, 3, 2, 4, 3, 3, 3, 3),
('2220120174', 'Jyoti Ganesh Wadmare', 4, 4, 4, 4, 4, 4, 4, 5, 4),
('2220120179', 'Jyoti Ganesh Wadmare', 4, 3, 3, 3, 3, 4, 4, 5, 4),
('2220120185', 'Arvind Pandi Dorai', 4, 3, 3, 2, 4, 4, 3, 4, 3),
('2220120188', 'Jyoti Ganesh Wadmare', 4, 4, 4, 4, 3, 4, 4, 5, 4),
('2220120199', 'Jyoti Ganesh Wadmare', 4, 5, 4, 4, 4, 4, 3, 5, 4),
('2220120204', 'Jyoti Ganesh Wadmare', 4, 4, 3, 3, 3, 3, 3, 4, 3),
('2220120220', 'Jyoti Ganesh Wadmare', 4, 4, 3, 3, 3, 4, 4, 4, 4),
('2220120233', 'Jyoti Ganesh Wadmare', 5, 4, 4, 3, 3, 4, 5, 5, 4),
('2220120236', 'Jyoti Ganesh Wadmare', 5, 4, 4, 3, 3, 4, 5, 5, 4),
('2220120239', 'Arvind Pandi Dorai', 3, 3, 3, 2, 2, 2, 2, 4, 3),
('2220120242', 'Jyoti Ganesh Wadmare', 4, 4, 4, 4, 4, 4, 4, 4, 4),
('2220120243', 'Jyoti Ganesh Wadmare', 4, 4, 4, 5, 5, 4, 4, 5, 4),
('2220120244', 'Jyoti Ganesh Wadmare', 4, 3, 3, 3, 3, 4, 3, 4, 3),
('2220120245', 'Jyoti Ganesh Wadmare', 4, 4, 4, 4, 4, 4, 3, 4, 4),
('2220120246', 'Jyoti Ganesh Wadmare', 4, 4, 4, 4, 4, 4, 3, 4, 4),
('2220120247', 'Jyoti Ganesh Wadmare', 4, 4, 4, 3, 3, 4, 4, 4, 4),
('2220120248', 'Jyoti Ganesh Wadmare', 4, 4, 4, 4, 4, 4, 4, 4, 4),
('2220120250', 'Jyoti Ganesh Wadmare', 4, 4, 3, 3, 3, 4, 4, 4, 4),
('2220120474', 'Shraddha Joshi', 0, 0, 0, 0, 0, 0, 0, 0, 0),
('2220120479', 'Shubhada Labde', 0, 0, 0, 0, 0, 0, 0, 0, 0),
('2220120480', 'Shraddha Joshi', 0, 0, 0, 0, 0, 0, 0, 0, 0),
('2220120497', '', 0, 0, 0, 0, 0, 0, 0, 0, 0),
('2220130302', 'Shraddha Joshi', 0, 0, 0, 0, 0, 0, 0, 0, 0),
('2220130304', 'Shyamal Satish Virnodkar', 0, 0, 0, 0, 0, 0, 0, 0, 0),
('2220130305', 'Shubhada Labde', 0, 0, 0, 0, 0, 0, 0, 0, 0),
('2220130307', 'Shubhada Labde', 0, 0, 0, 0, 0, 0, 0, 0, 0),
('2220130308', 'Shraddha Joshi', 0, 0, 0, 0, 0, 0, 0, 0, 0),
('2220130309', 'Shyamal Satish Virnodkar', 0, 0, 0, 0, 0, 0, 0, 0, 0),
('2220130310', 'Shyamal Satish Virnodkar', 0, 0, 0, 0, 0, 0, 0, 0, 0),
('2220130311', '', 0, 0, 0, 0, 0, 0, 0, 0, 0),
('2220130312', 'Shyamal Satish Virnodkar', 0, 0, 0, 0, 0, 0, 0, 0, 0),
('2220130313', 'Sarita Prashant Ambadekar', 0, 0, 0, 0, 0, 0, 0, 0, 0);

-- --------------------------------------------------------

--
-- Table structure for table `proctor_new_sem_i`
--

CREATE TABLE IF NOT EXISTS `proctor_new_sem_i` (
  `student_id` varchar(20) NOT NULL,
  `maths_I` int(200) NOT NULL,
  `physics_I` int(200) NOT NULL,
  `chemistry_I` int(200) NOT NULL,
  `mechanics` int(200) NOT NULL,
  `bee` int(200) NOT NULL,
  `es` int(200) NOT NULL,
  `workshop_I` int(200) NOT NULL,
  PRIMARY KEY (`student_id`)
) ENGINE=InnoDB DEFAULT CHARSET=latin1;

--
-- Dumping data for table `proctor_new_sem_i`
--

INSERT INTO `proctor_new_sem_i` (`student_id`, `maths_I`, `physics_I`, `chemistry_I`, `mechanics`, `bee`, `es`, `workshop_I`) VALUES
('2220100012', 0, 0, 0, 0, 0, 0, 0),
('2220110011', 0, 0, 0, 0, 0, 0, 0),
('2220110022', 0, 0, 0, 0, 0, 0, 0),
('2220110026', 0, 0, 0, 0, 0, 0, 0),
('2220110028', 0, 0, 0, 0, 0, 0, 0),
('2220110035', 0, 0, 0, 0, 0, 0, 0),
('2220110043', 0, 0, 0, 0, 0, 0, 0),
('2220110044', 0, 0, 0, 0, 0, 0, 0),
('2220110045', 0, 0, 0, 0, 0, 0, 0),
('2220110051', 0, 0, 0, 0, 0, 0, 0),
('2220110060', 0, 0, 0, 0, 0, 0, 0),
('2220120070', 0, 0, 0, 0, 0, 0, 0),
('2220120071', 0, 0, 0, 0, 0, 0, 0),
('2220120074', 0, 0, 0, 0, 0, 0, 0),
('2220120077', 0, 0, 0, 0, 0, 0, 0),
('2220120078', 0, 0, 0, 0, 0, 0, 0),
('2220120079', 0, 0, 0, 0, 0, 0, 0),
('2220120080', 0, 0, 0, 0, 0, 0, 0),
('2220120081', 0, 0, 0, 0, 0, 0, 0),
('2220120085', 0, 0, 0, 0, 0, 0, 0),
('2220120086', 0, 0, 0, 0, 0, 0, 0),
('2220120088', 0, 0, 0, 0, 0, 0, 0),
('2220120090', 0, 0, 0, 0, 0, 0, 0),
('2220120091', 0, 0, 0, 0, 0, 0, 0),
('2220120092', 0, 0, 0, 0, 0, 0, 0),
('2220120093', 0, 0, 0, 0, 0, 0, 0),
('2220120094', 0, 0, 0, 0, 0, 0, 0),
('2220120095', 0, 0, 0, 0, 0, 0, 0),
('2220120096', 0, 0, 0, 0, 0, 0, 0),
('2220120097', 0, 0, 0, 0, 0, 0, 0),
('2220120098', 0, 0, 0, 0, 0, 0, 0),
('2220120099', 0, 0, 0, 0, 0, 0, 0),
('2220120100', 0, 0, 0, 0, 0, 0, 0),
('2220120101', 0, 0, 0, 0, 0, 0, 0),
('2220120102', 0, 0, 0, 0, 0, 0, 0),
('2220120103', 0, 0, 0, 0, 0, 0, 0),
('2220120104', 0, 0, 0, 0, 0, 0, 0),
('2220120105', 0, 0, 0, 0, 0, 0, 0),
('2220120107', 0, 0, 0, 0, 0, 0, 0),
('2220120108', 0, 0, 0, 0, 0, 0, 0),
('2220120110', 0, 0, 0, 0, 0, 0, 0),
('2220120111', 0, 0, 0, 0, 0, 0, 0),
('2220120112', 0, 0, 0, 0, 0, 0, 0),
('2220120113', 0, 0, 0, 0, 0, 0, 0),
('2220120114', 0, 0, 0, 0, 0, 0, 0),
('2220120115', 0, 0, 0, 0, 0, 0, 0),
('2220120116', 0, 0, 0, 0, 0, 0, 0),
('2220120118', 0, 0, 0, 0, 0, 0, 0),
('2220120119', 0, 0, 0, 0, 0, 0, 0),
('2220120121', 0, 0, 0, 0, 0, 0, 0),
('2220120122', 0, 0, 0, 0, 0, 0, 0),
('2220120123', 0, 0, 0, 0, 0, 0, 0),
('2220120124', 0, 0, 0, 0, 0, 0, 0),
('2220120126', 0, 0, 0, 0, 0, 0, 0),
('2220120127', 0, 0, 0, 0, 0, 0, 0),
('2220120129', 0, 0, 0, 0, 0, 0, 0),
('2220120474', 0, 0, 0, 0, 0, 0, 0),
('2220120479', 0, 0, 0, 0, 0, 0, 0),
('2220120480', 0, 0, 0, 0, 0, 0, 0);

-- --------------------------------------------------------

--
-- Table structure for table `proctor_new_sem_ii`
--

CREATE TABLE IF NOT EXISTS `proctor_new_sem_ii` (
  `student_id` varchar(20) NOT NULL,
  `maths_II` int(200) NOT NULL,
  `physics_II` int(200) NOT NULL,
  `chemistry_II` int(200) NOT NULL,
  `engg_drawing` int(200) NOT NULL,
  `spa` int(200) NOT NULL,
  `comm_skills` int(200) NOT NULL,
  `workshop_II` int(200) NOT NULL,
  PRIMARY KEY (`student_id`)
) ENGINE=InnoDB DEFAULT CHARSET=latin1;

--
-- Dumping data for table `proctor_new_sem_ii`
--

INSERT INTO `proctor_new_sem_ii` (`student_id`, `maths_II`, `physics_II`, `chemistry_II`, `engg_drawing`, `spa`, `comm_skills`, `workshop_II`) VALUES
('2220100012', 0, 0, 0, 0, 0, 0, 0),
('2220110011', 0, 0, 0, 0, 0, 0, 0),
('2220110022', 0, 0, 0, 0, 0, 0, 0),
('2220110026', 0, 0, 0, 0, 0, 0, 0),
('2220110028', 0, 0, 0, 0, 0, 0, 0),
('2220110035', 0, 0, 0, 0, 0, 0, 0),
('2220110043', 0, 0, 0, 0, 0, 0, 0),
('2220110044', 0, 0, 0, 0, 0, 0, 0),
('2220110045', 0, 0, 0, 0, 0, 0, 0),
('2220110051', 0, 0, 0, 0, 0, 0, 0),
('2220110060', 0, 0, 0, 0, 0, 0, 0),
('2220120070', 0, 0, 0, 0, 0, 0, 0),
('2220120071', 0, 0, 0, 0, 0, 0, 0),
('2220120074', 0, 0, 0, 0, 0, 0, 0),
('2220120077', 0, 0, 0, 0, 0, 0, 0),
('2220120078', 0, 0, 0, 0, 0, 0, 0),
('2220120079', 0, 0, 0, 0, 0, 0, 0),
('2220120080', 0, 0, 0, 0, 0, 0, 0),
('2220120081', 0, 0, 0, 0, 0, 0, 0),
('2220120085', 0, 0, 0, 0, 0, 0, 0),
('2220120086', 0, 0, 0, 0, 0, 0, 0),
('2220120088', 0, 0, 0, 0, 0, 0, 0),
('2220120090', 0, 0, 0, 0, 0, 0, 0),
('2220120091', 0, 0, 0, 0, 0, 0, 0),
('2220120092', 0, 0, 0, 0, 0, 0, 0),
('2220120093', 0, 0, 0, 0, 0, 0, 0),
('2220120094', 0, 0, 0, 0, 0, 0, 0),
('2220120095', 0, 0, 0, 0, 0, 0, 0),
('2220120096', 0, 0, 0, 0, 0, 0, 0),
('2220120097', 0, 0, 0, 0, 0, 0, 0),
('2220120098', 0, 0, 0, 0, 0, 0, 0),
('2220120099', 0, 0, 0, 0, 0, 0, 0),
('2220120100', 0, 0, 0, 0, 0, 0, 0),
('2220120101', 0, 0, 0, 0, 0, 0, 0),
('2220120102', 0, 0, 0, 0, 0, 0, 0),
('2220120103', 0, 0, 0, 0, 0, 0, 0),
('2220120104', 0, 0, 0, 0, 0, 0, 0),
('2220120105', 0, 0, 0, 0, 0, 0, 0),
('2220120107', 0, 0, 0, 0, 0, 0, 0),
('2220120108', 0, 0, 0, 0, 0, 0, 0),
('2220120110', 0, 0, 0, 0, 0, 0, 0),
('2220120111', 0, 0, 0, 0, 0, 0, 0),
('2220120112', 0, 0, 0, 0, 0, 0, 0),
('2220120113', 0, 0, 0, 0, 0, 0, 0),
('2220120114', 0, 0, 0, 0, 0, 0, 0),
('2220120115', 0, 0, 0, 0, 0, 0, 0),
('2220120116', 0, 0, 0, 0, 0, 0, 0),
('2220120118', 0, 0, 0, 0, 0, 0, 0),
('2220120119', 0, 0, 0, 0, 0, 0, 0),
('2220120121', 0, 0, 0, 0, 0, 0, 0),
('2220120122', 0, 0, 0, 0, 0, 0, 0),
('2220120123', 0, 0, 0, 0, 0, 0, 0),
('2220120124', 0, 0, 0, 0, 0, 0, 0),
('2220120126', 0, 0, 0, 0, 0, 0, 0),
('2220120127', 0, 0, 0, 0, 0, 0, 0),
('2220120129', 0, 0, 0, 0, 0, 0, 0),
('2220120474', 0, 0, 0, 0, 0, 0, 0),
('2220120479', 0, 0, 0, 0, 0, 0, 0),
('2220120480', 0, 0, 0, 0, 0, 0, 0);

-- --------------------------------------------------------

--
-- Table structure for table `proctor_new_sem_iii`
--

CREATE TABLE IF NOT EXISTS `proctor_new_sem_iii` (
  `student_id` varchar(20) NOT NULL,
  `maths_III` int(200) NOT NULL,
  `oopm` int(200) NOT NULL,
  `ds` int(200) NOT NULL,
  `dlda` int(200) NOT NULL,
  `dis` int(200) NOT NULL,
  `eccf` int(200) NOT NULL,
  PRIMARY KEY (`student_id`)
) ENGINE=InnoDB DEFAULT CHARSET=latin1;

--
-- Dumping data for table `proctor_new_sem_iii`
--

INSERT INTO `proctor_new_sem_iii` (`student_id`, `maths_III`, `oopm`, `ds`, `dlda`, `dis`, `eccf`) VALUES
('2220100012', 0, 0, 0, 0, 0, 0),
('2220110011', 0, 0, 0, 0, 0, 0),
('2220110022', 0, 0, 0, 0, 0, 0),
('2220110026', 0, 0, 0, 0, 0, 0),
('2220110028', 0, 0, 0, 0, 0, 0),
('2220110035', 0, 0, 0, 0, 0, 0),
('2220110043', 0, 0, 0, 0, 0, 0),
('2220110044', 0, 0, 0, 0, 0, 0),
('2220110045', 0, 0, 0, 0, 0, 0),
('2220110051', 0, 0, 0, 0, 0, 0),
('2220110060', 0, 0, 0, 0, 0, 0),
('2220120070', 0, 0, 0, 0, 0, 0),
('2220120071', 0, 0, 0, 0, 0, 0),
('2220120074', 0, 0, 0, 0, 0, 0),
('2220120077', 0, 0, 0, 0, 0, 0),
('2220120078', 0, 0, 0, 0, 0, 0),
('2220120079', 0, 0, 0, 0, 0, 0),
('2220120080', 0, 0, 0, 0, 0, 0),
('2220120081', 0, 0, 0, 0, 0, 0),
('2220120085', 0, 0, 0, 0, 0, 0),
('2220120086', 0, 0, 0, 0, 0, 0),
('2220120088', 0, 0, 0, 0, 0, 0),
('2220120090', 0, 0, 0, 0, 0, 0),
('2220120091', 0, 0, 0, 0, 0, 0),
('2220120092', 0, 0, 0, 0, 0, 0),
('2220120093', 0, 0, 0, 0, 0, 0),
('2220120094', 0, 0, 0, 0, 0, 0),
('2220120095', 0, 0, 0, 0, 0, 0),
('2220120096', 0, 0, 0, 0, 0, 0),
('2220120097', 0, 0, 0, 0, 0, 0),
('2220120098', 0, 0, 0, 0, 0, 0),
('2220120099', 0, 0, 0, 0, 0, 0),
('2220120100', 0, 0, 0, 0, 0, 0),
('2220120101', 0, 0, 0, 0, 0, 0),
('2220120102', 0, 0, 0, 0, 0, 0),
('2220120103', 0, 0, 0, 0, 0, 0),
('2220120104', 0, 0, 0, 0, 0, 0),
('2220120105', 0, 0, 0, 0, 0, 0),
('2220120107', 0, 0, 0, 0, 0, 0),
('2220120108', 0, 0, 0, 0, 0, 0),
('2220120110', 0, 0, 0, 0, 0, 0),
('2220120111', 0, 0, 0, 0, 0, 0),
('2220120112', 0, 0, 0, 0, 0, 0),
('2220120113', 0, 0, 0, 0, 0, 0),
('2220120114', 0, 0, 0, 0, 0, 0),
('2220120115', 0, 0, 0, 0, 0, 0),
('2220120116', 0, 0, 0, 0, 0, 0),
('2220120118', 0, 0, 0, 0, 0, 0),
('2220120119', 0, 0, 0, 0, 0, 0),
('2220120121', 0, 0, 0, 0, 0, 0),
('2220120122', 0, 0, 0, 0, 0, 0),
('2220120123', 0, 0, 0, 0, 0, 0),
('2220120124', 0, 0, 0, 0, 0, 0),
('2220120126', 0, 0, 0, 0, 0, 0),
('2220120127', 0, 0, 0, 0, 0, 0),
('2220120129', 0, 0, 0, 0, 0, 0),
('2220120474', 0, 0, 0, 0, 0, 0),
('2220120479', 0, 0, 0, 0, 0, 0),
('2220120480', 0, 0, 0, 0, 0, 0),
('2220130302', 0, 0, 0, 0, 0, 0),
('2220130304', 0, 0, 0, 0, 0, 0),
('2220130305', 0, 0, 0, 0, 0, 0),
('2220130308', 0, 0, 0, 0, 0, 0),
('2220130309', 0, 0, 0, 0, 0, 0),
('2220130310', 0, 0, 0, 0, 0, 0),
('2220130312', 0, 0, 0, 0, 0, 0),
('2220130313', 0, 0, 0, 0, 0, 0);

-- --------------------------------------------------------

--
-- Table structure for table `proctor_new_sem_iv`
--

CREATE TABLE IF NOT EXISTS `proctor_new_sem_iv` (
  `student_id` varchar(20) NOT NULL,
  `maths_IV` int(200) NOT NULL,
  `aoa` int(200) NOT NULL,
  `coa` int(200) NOT NULL,
  `dbms` int(200) NOT NULL,
  `tcs` int(200) NOT NULL,
  `cg` int(200) NOT NULL,
  PRIMARY KEY (`student_id`)
) ENGINE=InnoDB DEFAULT CHARSET=latin1;

--
-- Dumping data for table `proctor_new_sem_iv`
--

INSERT INTO `proctor_new_sem_iv` (`student_id`, `maths_IV`, `aoa`, `coa`, `dbms`, `tcs`, `cg`) VALUES
('2220100012', 0, 0, 0, 0, 0, 0),
('2220110011', 0, 0, 0, 0, 0, 0),
('2220110022', 0, 0, 0, 0, 0, 0),
('2220110026', 0, 0, 0, 0, 0, 0),
('2220110028', 0, 0, 0, 0, 0, 0),
('2220110035', 0, 0, 0, 0, 0, 0),
('2220110043', 0, 0, 0, 0, 0, 0),
('2220110044', 0, 0, 0, 0, 0, 0),
('2220110045', 0, 0, 0, 0, 0, 0),
('2220110051', 0, 0, 0, 0, 0, 0),
('2220110060', 0, 0, 0, 0, 0, 0),
('2220120070', 0, 0, 0, 0, 0, 0),
('2220120071', 0, 0, 0, 0, 0, 0),
('2220120074', 0, 0, 0, 0, 0, 0),
('2220120077', 0, 0, 0, 0, 0, 0),
('2220120078', 0, 0, 0, 0, 0, 0),
('2220120079', 0, 0, 0, 0, 0, 0),
('2220120080', 0, 0, 0, 0, 0, 0),
('2220120081', 0, 0, 0, 0, 0, 0),
('2220120085', 0, 0, 0, 0, 0, 0),
('2220120086', 0, 0, 0, 0, 0, 0),
('2220120088', 0, 0, 0, 0, 0, 0),
('2220120090', 0, 0, 0, 0, 0, 0),
('2220120091', 0, 0, 0, 0, 0, 0),
('2220120092', 0, 0, 0, 0, 0, 0),
('2220120093', 0, 0, 0, 0, 0, 0),
('2220120094', 0, 0, 0, 0, 0, 0),
('2220120095', 0, 0, 0, 0, 0, 0),
('2220120096', 0, 0, 0, 0, 0, 0),
('2220120097', 0, 0, 0, 0, 0, 0),
('2220120098', 0, 0, 0, 0, 0, 0),
('2220120099', 0, 0, 0, 0, 0, 0),
('2220120100', 0, 0, 0, 0, 0, 0),
('2220120101', 0, 0, 0, 0, 0, 0),
('2220120102', 0, 0, 0, 0, 0, 0),
('2220120103', 0, 0, 0, 0, 0, 0),
('2220120104', 0, 0, 0, 0, 0, 0),
('2220120105', 0, 0, 0, 0, 0, 0),
('2220120107', 0, 0, 0, 0, 0, 0),
('2220120108', 0, 0, 0, 0, 0, 0),
('2220120110', 0, 0, 0, 0, 0, 0),
('2220120111', 0, 0, 0, 0, 0, 0),
('2220120112', 0, 0, 0, 0, 0, 0),
('2220120113', 0, 0, 0, 0, 0, 0),
('2220120114', 0, 0, 0, 0, 0, 0),
('2220120115', 0, 0, 0, 0, 0, 0),
('2220120116', 0, 0, 0, 0, 0, 0),
('2220120118', 0, 0, 0, 0, 0, 0),
('2220120119', 0, 0, 0, 0, 0, 0),
('2220120121', 0, 0, 0, 0, 0, 0),
('2220120122', 0, 0, 0, 0, 0, 0),
('2220120123', 0, 0, 0, 0, 0, 0),
('2220120124', 0, 0, 0, 0, 0, 0),
('2220120126', 0, 0, 0, 0, 0, 0),
('2220120127', 0, 0, 0, 0, 0, 0),
('2220120129', 0, 0, 0, 0, 0, 0),
('2220120474', 0, 0, 0, 0, 0, 0),
('2220120479', 0, 0, 0, 0, 0, 0),
('2220120480', 0, 0, 0, 0, 0, 0),
('2220130302', 0, 0, 0, 0, 0, 0),
('2220130304', 0, 0, 0, 0, 0, 0),
('2220130305', 0, 0, 0, 0, 0, 0),
('2220130308', 0, 0, 0, 0, 0, 0),
('2220130309', 0, 0, 0, 0, 0, 0),
('2220130310', 0, 0, 0, 0, 0, 0),
('2220130312', 0, 0, 0, 0, 0, 0),
('2220130313', 0, 0, 0, 0, 0, 0);

-- --------------------------------------------------------

--
-- Table structure for table `proctor_new_sem_v`
--

CREATE TABLE IF NOT EXISTS `proctor_new_sem_v` (
  `student_id` varchar(20) NOT NULL,
  PRIMARY KEY (`student_id`)
) ENGINE=InnoDB DEFAULT CHARSET=latin1;

--
-- Dumping data for table `proctor_new_sem_v`
--

INSERT INTO `proctor_new_sem_v` (`student_id`) VALUES
('2220100012'),
('2220110011'),
('2220110022'),
('2220110026'),
('2220110028'),
('2220110035'),
('2220110043'),
('2220110044'),
('2220110045'),
('2220110051'),
('2220110060'),
('2220120070'),
('2220120071'),
('2220120074'),
('2220120077'),
('2220120078'),
('2220120079'),
('2220120080'),
('2220120081'),
('2220120085'),
('2220120086'),
('2220120088'),
('2220120090'),
('2220120091'),
('2220120092'),
('2220120093'),
('2220120094'),
('2220120095'),
('2220120096'),
('2220120097'),
('2220120098'),
('2220120099'),
('2220120100'),
('2220120101'),
('2220120102'),
('2220120103'),
('2220120104'),
('2220120105'),
('2220120107'),
('2220120108'),
('2220120110'),
('2220120111'),
('2220120112'),
('2220120113'),
('2220120114'),
('2220120115'),
('2220120116'),
('2220120118'),
('2220120119'),
('2220120121'),
('2220120122'),
('2220120123'),
('2220120124'),
('2220120126'),
('2220120127'),
('2220120129'),
('2220120474'),
('2220120479'),
('2220120480'),
('2220130302'),
('2220130304'),
('2220130305'),
('2220130308'),
('2220130309'),
('2220130310'),
('2220130312'),
('2220130313');

-- --------------------------------------------------------

--
-- Table structure for table `proctor_new_sem_vi`
--

CREATE TABLE IF NOT EXISTS `proctor_new_sem_vi` (
  `student_id` varchar(20) NOT NULL,
  PRIMARY KEY (`student_id`)
) ENGINE=InnoDB DEFAULT CHARSET=latin1;

--
-- Dumping data for table `proctor_new_sem_vi`
--

INSERT INTO `proctor_new_sem_vi` (`student_id`) VALUES
('2220100012'),
('2220110011'),
('2220110022'),
('2220110026'),
('2220110028'),
('2220110035'),
('2220110043'),
('2220110044'),
('2220110045'),
('2220110051'),
('2220110060'),
('2220120070'),
('2220120071'),
('2220120074'),
('2220120077'),
('2220120078'),
('2220120079'),
('2220120080'),
('2220120081'),
('2220120085'),
('2220120086'),
('2220120088'),
('2220120090'),
('2220120091'),
('2220120092'),
('2220120093'),
('2220120094'),
('2220120095'),
('2220120096'),
('2220120097'),
('2220120098'),
('2220120099'),
('2220120100'),
('2220120101'),
('2220120102'),
('2220120103'),
('2220120104'),
('2220120105'),
('2220120107'),
('2220120108'),
('2220120110'),
('2220120111'),
('2220120112'),
('2220120113'),
('2220120114'),
('2220120115'),
('2220120116'),
('2220120118'),
('2220120119'),
('2220120121'),
('2220120122'),
('2220120123'),
('2220120124'),
('2220120126'),
('2220120127'),
('2220120129'),
('2220120474'),
('2220120479'),
('2220120480'),
('2220130302'),
('2220130304'),
('2220130305'),
('2220130308'),
('2220130309'),
('2220130310'),
('2220130312'),
('2220130313');

-- --------------------------------------------------------

--
-- Table structure for table `proctor_new_sem_vii`
--

CREATE TABLE IF NOT EXISTS `proctor_new_sem_vii` (
  `student_id` varchar(20) NOT NULL,
  PRIMARY KEY (`student_id`)
) ENGINE=InnoDB DEFAULT CHARSET=latin1;

--
-- Dumping data for table `proctor_new_sem_vii`
--

INSERT INTO `proctor_new_sem_vii` (`student_id`) VALUES
('2220100012'),
('2220110011'),
('2220110022'),
('2220110026'),
('2220110028'),
('2220110035'),
('2220110043'),
('2220110044'),
('2220110045'),
('2220110051'),
('2220110060'),
('2220120070'),
('2220120071'),
('2220120074'),
('2220120077'),
('2220120078'),
('2220120079'),
('2220120080'),
('2220120081'),
('2220120085'),
('2220120086'),
('2220120088'),
('2220120090'),
('2220120091'),
('2220120092'),
('2220120093'),
('2220120094'),
('2220120095'),
('2220120096'),
('2220120097'),
('2220120098'),
('2220120099'),
('2220120100'),
('2220120101'),
('2220120102'),
('2220120103'),
('2220120104'),
('2220120105'),
('2220120107'),
('2220120108'),
('2220120110'),
('2220120111'),
('2220120112'),
('2220120113'),
('2220120114'),
('2220120115'),
('2220120116'),
('2220120118'),
('2220120119'),
('2220120121'),
('2220120122'),
('2220120123'),
('2220120124'),
('2220120126'),
('2220120127'),
('2220120129'),
('2220120474'),
('2220120479'),
('2220120480'),
('2220130302'),
('2220130304'),
('2220130305'),
('2220130308'),
('2220130309'),
('2220130310'),
('2220130312'),
('2220130313');

-- --------------------------------------------------------

--
-- Table structure for table `proctor_new_sem_viii`
--

CREATE TABLE IF NOT EXISTS `proctor_new_sem_viii` (
  `student_id` varchar(20) NOT NULL,
  PRIMARY KEY (`student_id`)
) ENGINE=InnoDB DEFAULT CHARSET=latin1;

--
-- Dumping data for table `proctor_new_sem_viii`
--

INSERT INTO `proctor_new_sem_viii` (`student_id`) VALUES
('2220100012'),
('2220110011'),
('2220110022'),
('2220110026'),
('2220110028'),
('2220110035'),
('2220110043'),
('2220110044'),
('2220110045'),
('2220110051'),
('2220110060'),
('2220120070'),
('2220120071'),
('2220120074'),
('2220120077'),
('2220120078'),
('2220120079'),
('2220120080'),
('2220120081'),
('2220120085'),
('2220120086'),
('2220120088'),
('2220120090'),
('2220120091'),
('2220120092'),
('2220120093'),
('2220120094'),
('2220120095'),
('2220120096'),
('2220120097'),
('2220120098'),
('2220120099'),
('2220120100'),
('2220120101'),
('2220120102'),
('2220120103'),
('2220120104'),
('2220120105'),
('2220120107'),
('2220120108'),
('2220120110'),
('2220120111'),
('2220120112'),
('2220120113'),
('2220120114'),
('2220120115'),
('2220120116'),
('2220120118'),
('2220120119'),
('2220120121'),
('2220120122'),
('2220120123'),
('2220120124'),
('2220120126'),
('2220120127'),
('2220120129'),
('2220120474'),
('2220120479'),
('2220120480'),
('2220130302'),
('2220130304'),
('2220130305'),
('2220130308'),
('2220130309'),
('2220130310'),
('2220130312'),
('2220130313');

-- --------------------------------------------------------

--
-- Table structure for table `proctor_problems_be`
--

CREATE TABLE IF NOT EXISTS `proctor_problems_be` (
  `student_id` varchar(20) NOT NULL,
  `faculty_name` varchar(100) NOT NULL,
  `problems` mediumtext NOT NULL,
  `warnings` mediumtext NOT NULL,
  `actions` mediumtext NOT NULL,
  PRIMARY KEY (`student_id`)
) ENGINE=InnoDB DEFAULT CHARSET=latin1;

--
-- Dumping data for table `proctor_problems_be`
--

INSERT INTO `proctor_problems_be` (`student_id`, `faculty_name`, `problems`, `warnings`, `actions`) VALUES
('2220070002', 'Nilambari Joshi', '', '', ''),
('2220070005', 'Nilambari Joshi', '', '', ''),
('2220100001', 'Chitra Pravin Bhole', '', '', ''),
('2220100002', 'Kavita Devanand Bathe', 'NA', 'NA', 'NA'),
('2220100003', 'Kavita Devanand Bathe', 'Communication kill', 'NA', 'Presentations,viva'),
('2220100004', 'Jignasha Vipul Dalal', '', '', ''),
('2220100005', 'Kavita Devanand Bathe', 'NA', 'NA', 'NA'),
('2220100006', 'Kavita Devanand Bathe', 'Attendance problem', '2 -3 times', 'paper solving,viva'),
('2220100007', 'Kavita Devanand Bathe', 'Problem regarding attendance', '2 - 3 times', 'punishment papers'),
('2220100008', 'Jignasha Vipul Dalal', '', '', ''),
('2220100009', 'Kavita Devanand Bathe', 'Approach to college is not proper', '0', 'Informed HOD'),
('2220100010', 'Jignasha Vipul Dalal', '', '', ''),
('2220100011', 'Jignasha Vipul Dalal', '', '', ''),
('2220100012', 'Shubhada Labde', '', '', ''),
('2220100015', 'Jignasha Vipul Dalal', '', '', ''),
('2220100016', 'Kavita Devanand Bathe', '', '', ''),
('2220100017', 'Jignasha Vipul Dalal', '', '', ''),
('2220100018', 'Chitra Pravin Bhole', '', '', ''),
('2220100019', 'Uday Umakant Rote', '1.Road  Problem Approching College\r\n2. Attendance', 'NA', 'NA'),
('2220100020', 'Uday Umakant Rote', 'Attendance', 'NA', 'NA'),
('2220100021', 'Uday Umakant Rote', 'Road Problem Approching  to College', 'NA', 'NA'),
('2220100022', 'Uday Umakant Rote', 'Attendance', 'NA', 'NA'),
('2220100023', 'Jignasha Vipul Dalal', '', '', ''),
('2220100024', 'Uday Umakant Rote', '', '', ''),
('2220100025', 'Uday Umakant Rote', '', '', ''),
('2220100027', 'Jignasha Vipul Dalal', '', '', ''),
('2220100028', 'Uday Umakant Rote', '', '', ''),
('2220100031', 'Jignasha Vipul Dalal', '', '', ''),
('2220100032', 'Jignasha Vipul Dalal', '', '', ''),
('2220100033', 'Uday Umakant Rote', '', '', ''),
('2220100034', 'Uday Umakant Rote', '', '', ''),
('2220100035', 'Jignasha Vipul Dalal', '', '', ''),
('2220100036', 'Nilambari Joshi', '', '', ''),
('2220100037', 'Nilambari Joshi', 'requested to consider attendance of theory + practical together', 'Convinced the students that attendance in the theory lecture is equally important for understanding basic concepts', 'NA'),
('2220100038', 'Arvind Pandi Dorai', '', '', ''),
('2220100039', 'Nilambari Joshi', '', '', ''),
('2220100040', 'Nilambari Joshi', 'There should not be continuous lectures. some lab sessions should be scheduled in between', 'NA', 'The problem will be discussed in the staff meeting and time table incharge'),
('2220100041', 'Nilambari Joshi', '', '', ''),
('2220100044', 'Jignasha Vipul Dalal', '', '', ''),
('2220100045', 'Jignasha Vipul Dalal', '', '', ''),
('2220100046', 'Arvind Pandi Dorai', '', '', ''),
('2220100050', 'Arvind Pandi Dorai', '', '', ''),
('2220100051', 'Nilambari Joshi', 'Printers are not working properly in the labs', 'NA', 'The issue is discussed with the lab assistants and staff'),
('2220100052', 'Jignasha Vipul Dalal', '', '', ''),
('2220100053', 'Jignasha Vipul Dalal', '', '', ''),
('2220100263', 'Jignasha Vipul Dalal', '', '', ''),
('2220100264', 'Kavita Devanand Bathe', '', '', ''),
('2220100265', 'Jignasha Vipul Dalal', '', '', ''),
('2220100266', 'Uday Umakant Rote', '', '', ''),
('2220100267', 'Uday Umakant Rote', '', '', ''),
('2220100268', 'Nilambari Joshi', '', '', ''),
('2220100269', 'Jignasha Vipul Dalal', '', '', ''),
('2220100301', 'Kavita Devanand Bathe', '', '', ''),
('2220110003', 'Arvind Pandi Dorai', '', '', ''),
('2220110004', 'Arvind Pandi Dorai', '', '', ''),
('2220110005', 'Arvind Pandi Dorai', '', '', ''),
('2220110006', 'Arvind Pandi Dorai', '', '', ''),
('2220110007', 'Arvind Pandi Dorai', '', '', ''),
('2220110008', 'Arvind Pandi Dorai', '', '', ''),
('2220110010', 'Arvind Pandi Dorai', '', '', ''),
('2220110011', 'Shraddha Joshi', '', '', ''),
('2220110012', 'Kavita Devanand Bathe', '', '', ''),
('2220110013', 'Chitra Pravin Bhole', '', '', ''),
('2220110014', 'Chitra Pravin Bhole', '', '', ''),
('2220110015', 'Chitra Pravin Bhole', '', '', ''),
('2220110016', 'Chitra Pravin Bhole', '', '', ''),
('2220110017', 'Chitra Pravin Bhole', '', '', ''),
('2220110019', 'Chitra Pravin Bhole', '', '', ''),
('2220110020', 'Arvind Pandi Dorai', '', '', ''),
('2220110022', 'Sarita Prashant Ambadekar', '', '', ''),
('2220110023', 'Arvind Pandi Dorai', '', '', ''),
('2220110024', 'Arvind Pandi Dorai', '', '', ''),
('2220110025', 'Arvind Pandi Dorai', '', '', ''),
('2220110026', 'Shyamal Satish Virnodkar', '', '', ''),
('2220110027', 'Arvind Pandi Dorai', '', '', ''),
('2220110028', 'Shraddha Joshi', '', '', ''),
('2220110029', 'Arvind Pandi Dorai', '', '', ''),
('2220110030', 'Arvind Pandi Dorai', '', '', ''),
('2220110031', 'Arvind Pandi Dorai', '', '', ''),
('2220110032', 'Arvind Pandi Dorai', '', '', ''),
('2220110033', 'Arvind Pandi Dorai', '', '', ''),
('2220110035', 'Shubhada Labde', '', '', ''),
('2220110036', 'Chitra Pravin Bhole', '', '', ''),
('2220110037', 'Chitra Pravin Bhole', '', '', ''),
('2220110039', 'Chitra Pravin Bhole', '', '', ''),
('2220110040', 'Arvind Pandi Dorai', '', '', ''),
('2220110041', 'Chitra Pravin Bhole', '', '', ''),
('2220110042', 'Arvind Pandi Dorai', '', '', ''),
('2220110043', 'Shraddha Joshi', '', '', ''),
('2220110044', 'Shraddha Joshi', '', '', ''),
('2220110045', 'Shraddha Joshi', '', '', ''),
('2220110047', 'Arvind Pandi Dorai', '', '', ''),
('2220110048', '', '', '', ''),
('2220110049', 'Chitra Pravin Bhole', '', '', ''),
('2220110051', 'Shyamal Satish Virnodkar', '', '', ''),
('2220110053', 'Arvind Pandi Dorai', '', '', ''),
('2220110054', 'Arvind Pandi Dorai', '', '', ''),
('2220110055', 'Chitra Pravin Bhole', '', '', ''),
('2220110056', 'Arvind Pandi Dorai', '', '', ''),
('2220110057', 'Arvind Pandi Dorai', '', '', ''),
('2220110058', 'Arvind Pandi Dorai', '', '', ''),
('2220110059', 'Chitra Pravin Bhole', '', '', ''),
('2220110060', 'Shraddha Joshi', '', '', ''),
('2220110061', 'Arvind Pandi Dorai', '', '', ''),
('2220110063', 'Arvind Pandi Dorai', '', '', ''),
('2220110064', 'Arvind Pandi Dorai', '', '', ''),
('2220110304', 'Nilambari Joshi', '', '', ''),
('2220110305', 'Kavita Devanand Bathe', '', '', ''),
('2220110306', 'Nilambari Joshi', '', '', ''),
('2220110307', 'Jignasha Vipul Dalal', '', '', ''),
('2220110308', 'Nilambari Joshi', 'NA', 'na', 'na'),
('2220110309', 'Jignasha Vipul Dalal', '', '', ''),
('2220110310', 'Jignasha Vipul Dalal', '', '', ''),
('2220110311', 'Jignasha Vipul Dalal', '', '', ''),
('2220110312', 'Jignasha Vipul Dalal', 'road', 'na', 'na'),
('2220110313', 'Kavita Devanand Bathe', '', '', ''),
('2220110314', 'Kavita Devanand Bathe', '', '', ''),
('2220110315', 'Jignasha Vipul Dalal', '', '', ''),
('2220110316', 'Jignasha Vipul Dalal', '', '', ''),
('2220110317', 'Jignasha Vipul Dalal', '', '', ''),
('2220110318', 'Nilambari Joshi', 'There should be grace of 15 min before giving latemak', '5 min grace can be tolerated. Students should consider all circumstances for coming to practical on time', 'NA'),
('2220110319', 'Uday Umakant Rote', '', '', ''),
('2220110404', 'Kavita Devanand Bathe', '', '', ''),
('2220110432', 'Chitra Pravin Bhole', '', '', ''),
('2220120006', 'Jignasha Vipul Dalal', '', '', ''),
('2220120008', 'Jyoti Ganesh Wadmare', '', '', ''),
('2220120009', 'Nilambari Joshi', 'should have lab sessions in between 2 lectures', 'NA', 'Will be discussed with time table incharge'),
('2220120056', 'Jyoti Ganesh Wadmare', '', '', ''),
('2220120065', 'Uday Umakant Rote', '', '', ''),
('2220120070', 'Sarita Prashant Ambadekar', '', '', ''),
('2220120071', 'Sarita Prashant Ambadekar', '', '', ''),
('2220120074', 'Shyamal Satish Virnodkar', '', '', ''),
('2220120075', 'Shyamal Satish Virnodkar', '', '', ''),
('2220120077', 'Shyamal Satish Virnodkar', '', '', ''),
('2220120078', 'Sarita Prashant Ambadekar', '', '', ''),
('2220120079', 'Sarita Prashant Ambadekar', '', '', ''),
('2220120080', 'Sarita Prashant Ambadekar', '', '', ''),
('2220120081', 'Shyamal Satish Virnodkar', '', '', ''),
('2220120085', 'Shraddha Joshi', '', '', ''),
('2220120086', 'Shubhada Labde', '', '', ''),
('2220120088', 'Shyamal Satish Virnodkar', '', '', ''),
('2220120090', 'Shyamal Satish Virnodkar', '', '', ''),
('2220120091', 'Sarita Prashant Ambadekar', '', '', ''),
('2220120092', 'Sarita Prashant Ambadekar', '', '', ''),
('2220120093', 'Shraddha Joshi', '', '', ''),
('2220120094', 'Shyamal Satish Virnodkar', '', '', ''),
('2220120095', 'Shyamal Satish Virnodkar', '', '', ''),
('2220120096', 'Shraddha Joshi', '', '', ''),
('2220120097', 'Sarita Prashant Ambadekar', '', '', ''),
('2220120098', 'Shubhada Labde', '', '', ''),
('2220120099', 'Shubhada Labde', '', '', ''),
('2220120100', 'Shraddha Joshi', '', '', ''),
('2220120101', 'Shubhada Labde', '', '', ''),
('2220120102', 'Shraddha Joshi', '', '', ''),
('2220120103', 'Shyamal Satish Virnodkar', '', '', ''),
('2220120104', 'Shyamal Satish Virnodkar', '', '', ''),
('2220120105', 'Shraddha Joshi', '', '', ''),
('2220120107', 'Shraddha Joshi', '', '', ''),
('2220120108', 'Shraddha Joshi', '', '', ''),
('2220120110', 'Shyamal Satish Virnodkar', '', '', ''),
('2220120111', 'Sarita Prashant Ambadekar', '', '', ''),
('2220120112', 'Shubhada Labde', '', '', ''),
('2220120113', 'Shyamal Satish Virnodkar', '', '', ''),
('2220120114', 'Shraddha Joshi', '', '', ''),
('2220120115', 'Shubhada Labde', '', '', ''),
('2220120116', 'Shyamal Satish Virnodkar', '', '', ''),
('2220120118', 'Shubhada Labde', '', '', ''),
('2220120119', 'Shraddha Joshi', '', '', ''),
('2220120121', 'Sarita Prashant Ambadekar', '', '', ''),
('2220120122', 'Shyamal Satish Virnodkar', '', '', ''),
('2220120123', 'Sarita Prashant Ambadekar', '', '', ''),
('2220120124', 'Sarita Prashant Ambadekar', '', '', ''),
('2220120126', 'Sarita Prashant Ambadekar', '', '', ''),
('2220120127', 'Shyamal Satish Virnodkar', '', '', ''),
('2220120129', 'Sarita Prashant Ambadekar', '', '', ''),
('2220120149', 'Arvind Pandi Dorai', '', '', ''),
('2220120154', 'Jyoti Ganesh Wadmare', '', '', ''),
('2220120166', 'Arvind Pandi Dorai', '', '', ''),
('2220120170', 'Arvind Pandi Dorai', '', '', ''),
('2220120174', 'Jyoti Ganesh Wadmare', '', '', ''),
('2220120179', 'Jyoti Ganesh Wadmare', '', '', ''),
('2220120185', 'Arvind Pandi Dorai', '', '', ''),
('2220120188', 'Jyoti Ganesh Wadmare', '', '', ''),
('2220120199', 'Jyoti Ganesh Wadmare', '', '', ''),
('2220120204', 'Jyoti Ganesh Wadmare', '', '', ''),
('2220120220', 'Jyoti Ganesh Wadmare', '', '', ''),
('2220120233', 'Jyoti Ganesh Wadmare', '', '', ''),
('2220120236', 'Jyoti Ganesh Wadmare', '', '', ''),
('2220120239', 'Arvind Pandi Dorai', '', '', ''),
('2220120242', 'Jyoti Ganesh Wadmare', '', '', ''),
('2220120243', 'Jyoti Ganesh Wadmare', '', '', ''),
('2220120244', 'Jyoti Ganesh Wadmare', '', '', ''),
('2220120245', 'Jyoti Ganesh Wadmare', '', '', ''),
('2220120246', 'Jyoti Ganesh Wadmare', '', '', ''),
('2220120247', 'Jyoti Ganesh Wadmare', '', '', ''),
('2220120248', 'Jyoti Ganesh Wadmare', '', '', ''),
('2220120250', 'Jyoti Ganesh Wadmare', '', '', ''),
('2220120474', 'Shraddha Joshi', '', '', ''),
('2220120479', 'Shubhada Labde', '', '', ''),
('2220120480', 'Shraddha Joshi', '', '', ''),
('2220120497', '', '', '', ''),
('2220130302', 'Shraddha Joshi', '', '', ''),
('2220130304', 'Shyamal Satish Virnodkar', '', '', ''),
('2220130305', 'Shubhada Labde', '', '', ''),
('2220130307', 'Shubhada Labde', '', '', ''),
('2220130308', 'Shraddha Joshi', '', '', ''),
('2220130309', 'Shyamal Satish Virnodkar', '', '', ''),
('2220130310', 'Shyamal Satish Virnodkar', '', '', ''),
('2220130311', '', '', '', ''),
('2220130312', 'Shyamal Satish Virnodkar', '', '', ''),
('2220130313', 'Sarita Prashant Ambadekar', '', '', '');

-- --------------------------------------------------------

--
-- Table structure for table `proctor_problems_fe`
--

CREATE TABLE IF NOT EXISTS `proctor_problems_fe` (
  `student_id` varchar(20) NOT NULL,
  `faculty_name` varchar(100) NOT NULL,
  `problems` mediumtext NOT NULL,
  `warnings` mediumtext NOT NULL,
  `actions` mediumtext NOT NULL,
  PRIMARY KEY (`student_id`)
) ENGINE=InnoDB DEFAULT CHARSET=latin1;

--
-- Dumping data for table `proctor_problems_fe`
--

INSERT INTO `proctor_problems_fe` (`student_id`, `faculty_name`, `problems`, `warnings`, `actions`) VALUES
('2220070002', 'Nilambari Joshi', '', '', ''),
('2220070005', 'Nilambari Joshi', '', '', ''),
('2220100001', 'Chitra Pravin Bhole', '', '', ''),
('2220100002', 'Kavita Devanand Bathe', '', '', ''),
('2220100003', 'Kavita Devanand Bathe', '', '', ''),
('2220100004', 'Jignasha Vipul Dalal', '', '', ''),
('2220100005', 'Kavita Devanand Bathe', '', '', ''),
('2220100006', 'Kavita Devanand Bathe', '', '', ''),
('2220100007', 'Kavita Devanand Bathe', '', '', ''),
('2220100008', 'Jignasha Vipul Dalal', '', '', ''),
('2220100009', 'Kavita Devanand Bathe', '', '', ''),
('2220100010', 'Jignasha Vipul Dalal', '', '', ''),
('2220100011', 'Jignasha Vipul Dalal', '', '', ''),
('2220100012', 'Shubhada Labde', '', '', ''),
('2220100015', 'Jignasha Vipul Dalal', '', '', ''),
('2220100016', 'Kavita Devanand Bathe', '', '', ''),
('2220100017', 'Jignasha Vipul Dalal', '', '', ''),
('2220100018', 'Chitra Pravin Bhole', '', '', ''),
('2220100019', 'Uday Umakant Rote', '', '', ''),
('2220100020', 'Uday Umakant Rote', '', '', ''),
('2220100021', 'Uday Umakant Rote', '', '', ''),
('2220100022', 'Uday Umakant Rote', '', '', ''),
('2220100023', 'Jignasha Vipul Dalal', '', '', ''),
('2220100024', 'Uday Umakant Rote', '', '', ''),
('2220100025', 'Uday Umakant Rote', '', '', ''),
('2220100027', 'Jignasha Vipul Dalal', '', '', ''),
('2220100028', 'Uday Umakant Rote', '', '', ''),
('2220100031', 'Jignasha Vipul Dalal', '', '', ''),
('2220100032', 'Jignasha Vipul Dalal', '', '', ''),
('2220100033', 'Uday Umakant Rote', '', '', ''),
('2220100034', 'Uday Umakant Rote', '', '', ''),
('2220100035', 'Jignasha Vipul Dalal', '', '', ''),
('2220100036', 'Nilambari Joshi', '', '', ''),
('2220100037', 'Nilambari Joshi', '', '', ''),
('2220100038', 'Arvind Pandi Dorai', '', '', ''),
('2220100039', 'Nilambari Joshi', '', '', ''),
('2220100040', 'Nilambari Joshi', '', '', ''),
('2220100041', 'Nilambari Joshi', '', '', ''),
('2220100044', 'Jignasha Vipul Dalal', '', '', ''),
('2220100045', 'Jignasha Vipul Dalal', '', '', ''),
('2220100046', 'Arvind Pandi Dorai', '', '', ''),
('2220100050', 'Arvind Pandi Dorai', '', '', ''),
('2220100051', 'Nilambari Joshi', '', '', ''),
('2220100052', 'Jignasha Vipul Dalal', '', '', ''),
('2220100053', 'Jignasha Vipul Dalal', '', '', ''),
('2220100263', 'Jignasha Vipul Dalal', '', '', ''),
('2220100264', 'Kavita Devanand Bathe', '', '', ''),
('2220100265', 'Jignasha Vipul Dalal', '', '', ''),
('2220100266', 'Uday Umakant Rote', '', '', ''),
('2220100267', 'Uday Umakant Rote', '', '', ''),
('2220100268', 'Nilambari Joshi', '', '', ''),
('2220100269', 'Jignasha Vipul Dalal', '', '', ''),
('2220100301', 'Kavita Devanand Bathe', '', '', ''),
('2220110003', 'Arvind Pandi Dorai', '', '', ''),
('2220110004', 'Arvind Pandi Dorai', '', '', ''),
('2220110005', 'Arvind Pandi Dorai', '', '', ''),
('2220110006', 'Arvind Pandi Dorai', '', '', ''),
('2220110007', 'Arvind Pandi Dorai', '', '', ''),
('2220110008', 'Arvind Pandi Dorai', '', '', ''),
('2220110010', 'Arvind Pandi Dorai', '', '', ''),
('2220110011', 'Shraddha Joshi', '', '', ''),
('2220110012', 'Kavita Devanand Bathe', '', '', ''),
('2220110013', 'Chitra Pravin Bhole', '', '', ''),
('2220110014', 'Chitra Pravin Bhole', '', '', ''),
('2220110015', 'Chitra Pravin Bhole', '', '', ''),
('2220110016', 'Chitra Pravin Bhole', '', '', ''),
('2220110017', 'Chitra Pravin Bhole', '', '', ''),
('2220110019', 'Chitra Pravin Bhole', '', '', ''),
('2220110020', 'Arvind Pandi Dorai', '', '', ''),
('2220110022', 'Sarita Prashant Ambadekar', '', '', ''),
('2220110023', 'Arvind Pandi Dorai', '', '', ''),
('2220110024', 'Arvind Pandi Dorai', '', '', ''),
('2220110025', 'Arvind Pandi Dorai', '', '', ''),
('2220110026', 'Shyamal Satish Virnodkar', '', '', ''),
('2220110027', 'Arvind Pandi Dorai', '', '', ''),
('2220110028', 'Shraddha Joshi', '', '', ''),
('2220110029', 'Arvind Pandi Dorai', '', '', ''),
('2220110030', 'Arvind Pandi Dorai', '', '', ''),
('2220110031', 'Arvind Pandi Dorai', '', '', ''),
('2220110032', 'Arvind Pandi Dorai', '', '', ''),
('2220110033', 'Arvind Pandi Dorai', '', '', ''),
('2220110035', 'Shubhada Labde', '', '', ''),
('2220110036', 'Chitra Pravin Bhole', '', '', ''),
('2220110037', 'Chitra Pravin Bhole', '', '', ''),
('2220110039', 'Chitra Pravin Bhole', '', '', ''),
('2220110040', 'Arvind Pandi Dorai', '', '', ''),
('2220110041', 'Chitra Pravin Bhole', '', '', ''),
('2220110042', 'Arvind Pandi Dorai', '', '', ''),
('2220110043', 'Shraddha Joshi', '', '', ''),
('2220110044', 'Shraddha Joshi', '', '', ''),
('2220110045', 'Shraddha Joshi', '', '', ''),
('2220110047', 'Arvind Pandi Dorai', '', '', ''),
('2220110048', '', '', '', ''),
('2220110049', 'Chitra Pravin Bhole', '', '', ''),
('2220110051', 'Shyamal Satish Virnodkar', '', '', ''),
('2220110053', 'Arvind Pandi Dorai', '', '', ''),
('2220110054', 'Arvind Pandi Dorai', '', '', ''),
('2220110055', 'Chitra Pravin Bhole', '', '', ''),
('2220110056', 'Arvind Pandi Dorai', '', '', ''),
('2220110057', 'Arvind Pandi Dorai', '', '', ''),
('2220110058', 'Arvind Pandi Dorai', '', '', ''),
('2220110059', 'Chitra Pravin Bhole', '', '', ''),
('2220110060', 'Shraddha Joshi', '', '', ''),
('2220110061', 'Arvind Pandi Dorai', '', '', ''),
('2220110063', 'Arvind Pandi Dorai', '', '', ''),
('2220110064', 'Arvind Pandi Dorai', '', '', ''),
('2220110304', '', '', '', ''),
('2220110305', '', '', '', ''),
('2220110306', '', '', '', ''),
('2220110307', '', '', '', ''),
('2220110308', '', '', '', ''),
('2220110309', '', '', '', ''),
('2220110310', '', '', '', ''),
('2220110311', '', '', '', ''),
('2220110312', '', '', '', ''),
('2220110313', '', '', '', ''),
('2220110314', '', '', '', ''),
('2220110315', '', '', '', ''),
('2220110316', '', '', '', ''),
('2220110317', '', '', '', ''),
('2220110318', '', '', '', ''),
('2220110319', '', '', '', ''),
('2220110404', '', '', '', ''),
('2220110432', 'Chitra Pravin Bhole', '', '', ''),
('2220120006', 'Jignasha Vipul Dalal', '', '', ''),
('2220120008', 'Jyoti Ganesh Wadmare', '', '', ''),
('2220120009', '', '', '', ''),
('2220120056', 'Jyoti Ganesh Wadmare', '', '', ''),
('2220120065', 'Uday Umakant Rote', '', '', ''),
('2220120070', 'Sarita Prashant Ambadekar', '', '', ''),
('2220120071', 'Sarita Prashant Ambadekar', '', '', ''),
('2220120074', 'Shyamal Satish Virnodkar', '', '', ''),
('2220120075', 'Shyamal Satish Virnodkar', '', '', ''),
('2220120077', 'Shyamal Satish Virnodkar', '', '', ''),
('2220120078', 'Sarita Prashant Ambadekar', '', '', ''),
('2220120079', 'Sarita Prashant Ambadekar', '', '', ''),
('2220120080', 'Sarita Prashant Ambadekar', '', '', ''),
('2220120081', 'Shyamal Satish Virnodkar', '', '', ''),
('2220120085', 'Shraddha Joshi', '', '', ''),
('2220120086', 'Shubhada Labde', '', '', ''),
('2220120088', 'Shyamal Satish Virnodkar', '', '', ''),
('2220120090', 'Shyamal Satish Virnodkar', '', '', ''),
('2220120091', 'Sarita Prashant Ambadekar', '', '', ''),
('2220120092', 'Sarita Prashant Ambadekar', '', '', ''),
('2220120093', 'Shraddha Joshi', '', '', ''),
('2220120094', 'Shyamal Satish Virnodkar', '', '', ''),
('2220120095', 'Shyamal Satish Virnodkar', '', '', ''),
('2220120096', 'Shraddha Joshi', '', '', ''),
('2220120097', 'Sarita Prashant Ambadekar', '', '', ''),
('2220120098', 'Shubhada Labde', '', '', ''),
('2220120099', 'Shubhada Labde', '', '', ''),
('2220120100', 'Shraddha Joshi', '', '', ''),
('2220120101', 'Shubhada Labde', '', '', ''),
('2220120102', 'Shraddha Joshi', '', '', ''),
('2220120103', 'Shyamal Satish Virnodkar', '', '', ''),
('2220120104', 'Shyamal Satish Virnodkar', '', '', ''),
('2220120105', 'Shraddha Joshi', '', '', ''),
('2220120107', 'Shraddha Joshi', '', '', ''),
('2220120108', 'Shraddha Joshi', '', '', ''),
('2220120110', 'Shyamal Satish Virnodkar', '', '', ''),
('2220120111', 'Sarita Prashant Ambadekar', '', '', ''),
('2220120112', 'Shubhada Labde', '', '', ''),
('2220120113', 'Shyamal Satish Virnodkar', '', '', ''),
('2220120114', 'Shraddha Joshi', '', '', ''),
('2220120115', 'Shubhada Labde', '', '', ''),
('2220120116', 'Shyamal Satish Virnodkar', '', '', ''),
('2220120118', 'Shubhada Labde', '', '', ''),
('2220120119', 'Shraddha Joshi', '', '', ''),
('2220120121', 'Sarita Prashant Ambadekar', '', '', ''),
('2220120122', 'Shyamal Satish Virnodkar', '', '', ''),
('2220120123', 'Sarita Prashant Ambadekar', '', '', ''),
('2220120124', 'Sarita Prashant Ambadekar', '', '', ''),
('2220120126', 'Sarita Prashant Ambadekar', '', '', ''),
('2220120127', 'Shyamal Satish Virnodkar', '', '', ''),
('2220120129', 'Sarita Prashant Ambadekar', '', '', ''),
('2220120149', '', '', '', ''),
('2220120154', '', '', '', ''),
('2220120166', '', '', '', ''),
('2220120170', '', '', '', ''),
('2220120174', '', '', '', ''),
('2220120179', '', '', '', ''),
('2220120185', '', '', '', ''),
('2220120188', '', '', '', ''),
('2220120199', '', '', '', ''),
('2220120204', '', '', '', ''),
('2220120220', '', '', '', ''),
('2220120233', '', '', '', ''),
('2220120236', '', '', '', ''),
('2220120239', '', '', '', ''),
('2220120242', '', '', '', ''),
('2220120243', '', '', '', ''),
('2220120244', '', '', '', ''),
('2220120245', '', '', '', ''),
('2220120246', '', '', '', ''),
('2220120247', '', '', '', ''),
('2220120248', '', '', '', ''),
('2220120250', '', '', '', ''),
('2220120474', 'Shraddha Joshi', '', '', ''),
('2220120479', 'Shubhada Labde', '', '', ''),
('2220120480', 'Shraddha Joshi', '', '', ''),
('2220120497', '', '', '', ''),
('2220130302', '', '', '', ''),
('2220130304', '', '', '', ''),
('2220130305', '', '', '', ''),
('2220130307', '', '', '', ''),
('2220130308', '', '', '', ''),
('2220130309', '', '', '', ''),
('2220130310', '', '', '', ''),
('2220130311', '', '', '', ''),
('2220130312', '', '', '', ''),
('2220130313', '', '', '', '');

-- --------------------------------------------------------

--
-- Table structure for table `proctor_problems_se`
--

CREATE TABLE IF NOT EXISTS `proctor_problems_se` (
  `student_id` varchar(20) NOT NULL,
  `faculty_name` varchar(100) NOT NULL,
  `problems` mediumtext NOT NULL,
  `warnings` mediumtext NOT NULL,
  `actions` mediumtext NOT NULL,
  PRIMARY KEY (`student_id`)
) ENGINE=InnoDB DEFAULT CHARSET=latin1;

--
-- Dumping data for table `proctor_problems_se`
--

INSERT INTO `proctor_problems_se` (`student_id`, `faculty_name`, `problems`, `warnings`, `actions`) VALUES
('2220070002', 'Nilambari Joshi', '', '', ''),
('2220070005', 'Nilambari Joshi', '', '', ''),
('2220100001', 'Chitra Pravin Bhole', '', '', ''),
('2220100002', 'Kavita Devanand Bathe', '', '', ''),
('2220100003', 'Kavita Devanand Bathe', '', '', ''),
('2220100004', 'Jignasha Vipul Dalal', '', '', ''),
('2220100005', 'Kavita Devanand Bathe', '', '', ''),
('2220100006', 'Kavita Devanand Bathe', '', '', ''),
('2220100007', 'Kavita Devanand Bathe', '', '', ''),
('2220100008', 'Jignasha Vipul Dalal', '', '', ''),
('2220100009', 'Kavita Devanand Bathe', '', '', ''),
('2220100010', 'Jignasha Vipul Dalal', '', '', ''),
('2220100011', 'Jignasha Vipul Dalal', '', '', ''),
('2220100012', 'Shubhada Labde', '', '', ''),
('2220100015', 'Jignasha Vipul Dalal', '', '', ''),
('2220100016', 'Kavita Devanand Bathe', '', '', ''),
('2220100017', 'Jignasha Vipul Dalal', '', '', ''),
('2220100018', 'Chitra Pravin Bhole', '', '', ''),
('2220100019', 'Uday Umakant Rote', '', '', ''),
('2220100020', 'Uday Umakant Rote', '', '', ''),
('2220100021', 'Uday Umakant Rote', '', '', ''),
('2220100022', 'Uday Umakant Rote', '', '', ''),
('2220100023', 'Jignasha Vipul Dalal', '', '', ''),
('2220100024', 'Uday Umakant Rote', '', '', ''),
('2220100025', 'Uday Umakant Rote', '', '', ''),
('2220100027', 'Jignasha Vipul Dalal', '', '', ''),
('2220100028', 'Uday Umakant Rote', '', '', ''),
('2220100031', 'Jignasha Vipul Dalal', '', '', ''),
('2220100032', 'Jignasha Vipul Dalal', '', '', ''),
('2220100033', 'Uday Umakant Rote', '', '', ''),
('2220100034', 'Uday Umakant Rote', '', '', ''),
('2220100035', 'Jignasha Vipul Dalal', '', '', ''),
('2220100036', 'Nilambari Joshi', '', '', ''),
('2220100037', 'Nilambari Joshi', '', '', ''),
('2220100038', 'Arvind Pandi Dorai', '', '', ''),
('2220100039', 'Nilambari Joshi', '', '', ''),
('2220100040', 'Nilambari Joshi', '', '', ''),
('2220100041', 'Nilambari Joshi', '', '', ''),
('2220100044', 'Jignasha Vipul Dalal', '', '', ''),
('2220100045', 'Jignasha Vipul Dalal', '', '', ''),
('2220100046', 'Arvind Pandi Dorai', '', '', ''),
('2220100050', 'Arvind Pandi Dorai', '', '', ''),
('2220100051', 'Nilambari Joshi', '', '', ''),
('2220100052', 'Jignasha Vipul Dalal', '', '', ''),
('2220100053', 'Jignasha Vipul Dalal', '', '', ''),
('2220100263', 'Jignasha Vipul Dalal', '', '', ''),
('2220100264', 'Kavita Devanand Bathe', '', '', ''),
('2220100265', 'Jignasha Vipul Dalal', '', '', ''),
('2220100266', 'Uday Umakant Rote', '', '', ''),
('2220100267', 'Uday Umakant Rote', '', '', ''),
('2220100268', 'Nilambari Joshi', '', '', ''),
('2220100269', 'Jignasha Vipul Dalal', '', '', ''),
('2220100301', 'Kavita Devanand Bathe', '', '', ''),
('2220110003', 'Arvind Pandi Dorai', '', '', ''),
('2220110004', 'Arvind Pandi Dorai', '', '', ''),
('2220110005', 'Arvind Pandi Dorai', '', '', ''),
('2220110006', 'Arvind Pandi Dorai', 'Classroom Fans not working properly', 'NA', 'Reported to HOD'),
('2220110007', 'Arvind Pandi Dorai', '', '', ''),
('2220110008', 'Arvind Pandi Dorai', '', '', ''),
('2220110010', 'Arvind Pandi Dorai', '', '', ''),
('2220110011', 'Shraddha Joshi', '', '', ''),
('2220110012', 'Kavita Devanand Bathe', '', '', ''),
('2220110013', 'Chitra Pravin Bhole', '', '', ''),
('2220110014', 'Chitra Pravin Bhole', '', '', ''),
('2220110015', 'Chitra Pravin Bhole', '', '', ''),
('2220110016', 'Chitra Pravin Bhole', '', '', ''),
('2220110017', 'Chitra Pravin Bhole', '', '', ''),
('2220110019', 'Chitra Pravin Bhole', '', '', ''),
('2220110020', 'Arvind Pandi Dorai', '', '', ''),
('2220110022', 'Sarita Prashant Ambadekar', '', '', ''),
('2220110023', 'Arvind Pandi Dorai', '', '', ''),
('2220110024', 'Arvind Pandi Dorai', '', '', ''),
('2220110025', 'Arvind Pandi Dorai', '', '', ''),
('2220110026', 'Shyamal Satish Virnodkar', '', '', ''),
('2220110027', 'Arvind Pandi Dorai', '', '', ''),
('2220110028', 'Shraddha Joshi', '', '', ''),
('2220110029', 'Arvind Pandi Dorai', '', '', ''),
('2220110030', 'Arvind Pandi Dorai', '', '', ''),
('2220110031', 'Arvind Pandi Dorai', '', '', ''),
('2220110032', 'Arvind Pandi Dorai', '', '', ''),
('2220110033', 'Arvind Pandi Dorai', '', '', ''),
('2220110035', 'Shubhada Labde', '', '', ''),
('2220110036', 'Chitra Pravin Bhole', '', '', ''),
('2220110037', 'Chitra Pravin Bhole', '', '', ''),
('2220110039', 'Chitra Pravin Bhole', '', '', ''),
('2220110040', 'Arvind Pandi Dorai', '', '', ''),
('2220110041', 'Chitra Pravin Bhole', '', '', ''),
('2220110042', 'Arvind Pandi Dorai', '', '', ''),
('2220110043', 'Shraddha Joshi', '', '', ''),
('2220110044', 'Shraddha Joshi', '', '', ''),
('2220110045', 'Shraddha Joshi', '', '', ''),
('2220110047', 'Arvind Pandi Dorai', '', '', ''),
('2220110048', '', '', '', ''),
('2220110049', 'Chitra Pravin Bhole', '', '', ''),
('2220110051', 'Shyamal Satish Virnodkar', '', '', ''),
('2220110053', 'Arvind Pandi Dorai', '', '', ''),
('2220110054', 'Arvind Pandi Dorai', '', '', ''),
('2220110055', 'Chitra Pravin Bhole', '', '', ''),
('2220110056', 'Arvind Pandi Dorai', '', '', ''),
('2220110057', 'Arvind Pandi Dorai', '', '', ''),
('2220110058', 'Arvind Pandi Dorai', '', '', ''),
('2220110059', 'Chitra Pravin Bhole', '', '', ''),
('2220110060', 'Shraddha Joshi', '', '', ''),
('2220110061', 'Arvind Pandi Dorai', '', '', ''),
('2220110063', 'Arvind Pandi Dorai', '', '', ''),
('2220110064', 'Arvind Pandi Dorai', '', '', ''),
('2220110304', 'Nilambari Joshi', '', '', ''),
('2220110305', 'Kavita Devanand Bathe', '', '', ''),
('2220110306', 'Nilambari Joshi', '', '', ''),
('2220110307', 'Jignasha Vipul Dalal', '', '', ''),
('2220110308', 'Nilambari Joshi', '', '', ''),
('2220110309', 'Jignasha Vipul Dalal', '', '', ''),
('2220110310', 'Jignasha Vipul Dalal', '', '', ''),
('2220110311', 'Jignasha Vipul Dalal', '', '', ''),
('2220110312', 'Jignasha Vipul Dalal', '', '', ''),
('2220110313', 'Kavita Devanand Bathe', '', '', ''),
('2220110314', 'Kavita Devanand Bathe', '', '', ''),
('2220110315', 'Jignasha Vipul Dalal', '', '', ''),
('2220110316', 'Jignasha Vipul Dalal', '', '', ''),
('2220110317', 'Jignasha Vipul Dalal', '', '', ''),
('2220110318', 'Nilambari Joshi', '', '', ''),
('2220110319', 'Uday Umakant Rote', '', '', ''),
('2220110404', 'Kavita Devanand Bathe', '', '', ''),
('2220110432', 'Chitra Pravin Bhole', '', '', ''),
('2220120006', 'Jignasha Vipul Dalal', '', '', ''),
('2220120008', 'Jyoti Ganesh Wadmare', '', '', ''),
('2220120009', 'Nilambari Joshi', '', '', ''),
('2220120056', 'Jyoti Ganesh Wadmare', '', '', ''),
('2220120065', 'Uday Umakant Rote', '', '', ''),
('2220120070', 'Sarita Prashant Ambadekar', '', '', ''),
('2220120071', 'Sarita Prashant Ambadekar', '', '', ''),
('2220120074', 'Shyamal Satish Virnodkar', '', '', ''),
('2220120075', 'Shyamal Satish Virnodkar', 'Approach road problem', 'NA', 'Reported to HOD'),
('2220120077', 'Shyamal Satish Virnodkar', '', '', ''),
('2220120078', 'Sarita Prashant Ambadekar', '', '', ''),
('2220120079', 'Sarita Prashant Ambadekar', '', '', ''),
('2220120080', 'Sarita Prashant Ambadekar', '', '', ''),
('2220120081', 'Shyamal Satish Virnodkar', '', '', ''),
('2220120085', 'Shraddha Joshi', '', '', ''),
('2220120086', 'Shubhada Labde', '', '', ''),
('2220120088', 'Shyamal Satish Virnodkar', 'Open back  gate of college', 'NA', 'Reported HOD'),
('2220120090', 'Shyamal Satish Virnodkar', '', '', ''),
('2220120091', 'Sarita Prashant Ambadekar', '', '', ''),
('2220120092', 'Sarita Prashant Ambadekar', '', '', ''),
('2220120093', 'Shraddha Joshi', '', '', ''),
('2220120094', 'Shyamal Satish Virnodkar', '', '', ''),
('2220120095', 'Shyamal Satish Virnodkar', '', '', ''),
('2220120096', 'Shraddha Joshi', '', '', ''),
('2220120097', 'Sarita Prashant Ambadekar', '', '', ''),
('2220120098', 'Shubhada Labde', '', '', ''),
('2220120099', 'Shubhada Labde', '', '', ''),
('2220120100', 'Shraddha Joshi', '', '', ''),
('2220120101', 'Shubhada Labde', '', '', ''),
('2220120102', 'Shraddha Joshi', '', '', ''),
('2220120103', 'Shyamal Satish Virnodkar', '', '', ''),
('2220120104', 'Shyamal Satish Virnodkar', '', '', ''),
('2220120105', 'Shraddha Joshi', '', '', ''),
('2220120107', 'Shraddha Joshi', '', '', ''),
('2220120108', 'Shraddha Joshi', '', '', ''),
('2220120110', 'Shyamal Satish Virnodkar', '', '', ''),
('2220120111', 'Sarita Prashant Ambadekar', '', '', ''),
('2220120112', 'Shubhada Labde', '', '', ''),
('2220120113', 'Shyamal Satish Virnodkar', '', '', ''),
('2220120114', 'Shraddha Joshi', '', '', ''),
('2220120115', 'Shubhada Labde', '', '', ''),
('2220120116', 'Shyamal Satish Virnodkar', '', '', ''),
('2220120118', 'Shubhada Labde', '', '', ''),
('2220120119', 'Shraddha Joshi', '', '', ''),
('2220120121', 'Sarita Prashant Ambadekar', '', '', ''),
('2220120122', 'Shyamal Satish Virnodkar', 'Boys common room is reuired', 'NA', 'Reported'),
('2220120123', 'Sarita Prashant Ambadekar', '', '', ''),
('2220120124', 'Sarita Prashant Ambadekar', '', '', ''),
('2220120126', 'Sarita Prashant Ambadekar', '', '', ''),
('2220120127', 'Shyamal Satish Virnodkar', '', '', ''),
('2220120129', 'Sarita Prashant Ambadekar', '', '', ''),
('2220120149', 'Arvind Pandi Dorai', '', '', ''),
('2220120154', 'Jyoti Ganesh Wadmare', '', '', ''),
('2220120166', 'Arvind Pandi Dorai', '', '', ''),
('2220120170', 'Arvind Pandi Dorai', '', '', ''),
('2220120174', 'Jyoti Ganesh Wadmare', '', '', ''),
('2220120179', 'Jyoti Ganesh Wadmare', '', '', ''),
('2220120185', 'Arvind Pandi Dorai', '', '', ''),
('2220120188', 'Jyoti Ganesh Wadmare', '', '', ''),
('2220120199', 'Jyoti Ganesh Wadmare', '', '', ''),
('2220120204', 'Jyoti Ganesh Wadmare', '', '', ''),
('2220120220', 'Jyoti Ganesh Wadmare', '', '', ''),
('2220120233', 'Jyoti Ganesh Wadmare', '', '', ''),
('2220120236', 'Jyoti Ganesh Wadmare', '', '', ''),
('2220120239', 'Arvind Pandi Dorai', '', '', ''),
('2220120242', 'Jyoti Ganesh Wadmare', '', '', ''),
('2220120243', 'Jyoti Ganesh Wadmare', '', '', ''),
('2220120244', 'Jyoti Ganesh Wadmare', '', '', ''),
('2220120245', 'Jyoti Ganesh Wadmare', '', '', ''),
('2220120246', 'Jyoti Ganesh Wadmare', '', '', ''),
('2220120247', 'Jyoti Ganesh Wadmare', '', '', ''),
('2220120248', 'Jyoti Ganesh Wadmare', '', '', ''),
('2220120250', 'Jyoti Ganesh Wadmare', '', '', ''),
('2220120474', 'Shraddha Joshi', '', '', ''),
('2220120479', 'Shubhada Labde', '', '', ''),
('2220120480', 'Shraddha Joshi', '', '', ''),
('2220120497', '', '', '', ''),
('2220130302', 'Shraddha Joshi', '', '', ''),
('2220130304', 'Shyamal Satish Virnodkar', '', '', ''),
('2220130305', 'Shubhada Labde', '', '', ''),
('2220130307', 'Shubhada Labde', '', '', ''),
('2220130308', 'Shraddha Joshi', '', '', ''),
('2220130309', 'Shyamal Satish Virnodkar', '', '', ''),
('2220130310', 'Shyamal Satish Virnodkar', '', '', ''),
('2220130311', '', '', '', ''),
('2220130312', 'Shyamal Satish Virnodkar', '', '', ''),
('2220130313', 'Sarita Prashant Ambadekar', '', '', '');

-- --------------------------------------------------------

--
-- Table structure for table `proctor_problems_te`
--

CREATE TABLE IF NOT EXISTS `proctor_problems_te` (
  `student_id` varchar(20) NOT NULL,
  `faculty_name` varchar(100) NOT NULL,
  `problems` mediumtext NOT NULL,
  `warnings` mediumtext NOT NULL,
  `actions` mediumtext NOT NULL,
  PRIMARY KEY (`student_id`)
) ENGINE=InnoDB DEFAULT CHARSET=latin1;

--
-- Dumping data for table `proctor_problems_te`
--

INSERT INTO `proctor_problems_te` (`student_id`, `faculty_name`, `problems`, `warnings`, `actions`) VALUES
('2220070002', 'Nilambari Joshi', '', '', ''),
('2220070005', 'Nilambari Joshi', '', '', ''),
('2220100001', 'Chitra Pravin Bhole', '', '', ''),
('2220100002', 'Kavita Devanand Bathe', '', '', ''),
('2220100003', 'Kavita Devanand Bathe', '', '', ''),
('2220100004', 'Jignasha Vipul Dalal', '', '', ''),
('2220100005', 'Kavita Devanand Bathe', '', '', ''),
('2220100006', 'Kavita Devanand Bathe', '', '', ''),
('2220100007', 'Kavita Devanand Bathe', '', '', ''),
('2220100008', 'Jignasha Vipul Dalal', '', '', ''),
('2220100009', 'Kavita Devanand Bathe', '', '', ''),
('2220100010', 'Jignasha Vipul Dalal', '', '', ''),
('2220100011', 'Jignasha Vipul Dalal', '', '', ''),
('2220100012', 'Shubhada Labde', '', '', ''),
('2220100015', 'Jignasha Vipul Dalal', '', '', ''),
('2220100016', 'Kavita Devanand Bathe', '', '', ''),
('2220100017', 'Jignasha Vipul Dalal', '', '', ''),
('2220100018', 'Chitra Pravin Bhole', 'Attendance ', 'Attend the Lectures', 'NA'),
('2220100019', 'Uday Umakant Rote', '', '', ''),
('2220100020', 'Uday Umakant Rote', '', '', ''),
('2220100021', 'Uday Umakant Rote', '', '', ''),
('2220100022', 'Uday Umakant Rote', '', '', ''),
('2220100023', 'Jignasha Vipul Dalal', '', '', ''),
('2220100024', 'Uday Umakant Rote', '', '', ''),
('2220100025', 'Uday Umakant Rote', '', '', ''),
('2220100027', 'Jignasha Vipul Dalal', '', '', ''),
('2220100028', 'Uday Umakant Rote', '', '', ''),
('2220100031', 'Jignasha Vipul Dalal', '', '', ''),
('2220100032', 'Jignasha Vipul Dalal', '', '', ''),
('2220100033', 'Uday Umakant Rote', '', '', ''),
('2220100034', 'Uday Umakant Rote', '', '', ''),
('2220100035', 'Jignasha Vipul Dalal', '', '', ''),
('2220100036', 'Nilambari Joshi', '', '', ''),
('2220100037', 'Nilambari Joshi', '', '', ''),
('2220100038', 'Arvind Pandi Dorai', 'Approach Road', 'NA', 'NA'),
('2220100039', 'Nilambari Joshi', '', '', ''),
('2220100040', 'Nilambari Joshi', '', '', ''),
('2220100041', 'Nilambari Joshi', '', '', ''),
('2220100044', 'Jignasha Vipul Dalal', '', '', ''),
('2220100045', 'Jignasha Vipul Dalal', '', '', ''),
('2220100046', 'Arvind Pandi Dorai', 'Canteen - Food Quality', 'NA', 'Reported to Students Welfare Comittee'),
('2220100050', 'Arvind Pandi Dorai', 'Dot Matrix Printers', 'NA', 'Reported to HOD'),
('2220100051', 'Nilambari Joshi', '', '', ''),
('2220100052', 'Jignasha Vipul Dalal', '', '', ''),
('2220100053', 'Jignasha Vipul Dalal', '', '', ''),
('2220100263', 'Jignasha Vipul Dalal', '', '', ''),
('2220100264', 'Kavita Devanand Bathe', '', '', ''),
('2220100265', 'Jignasha Vipul Dalal', '', '', ''),
('2220100266', 'Uday Umakant Rote', '', '', ''),
('2220100267', 'Uday Umakant Rote', '', '', ''),
('2220100268', 'Nilambari Joshi', '', '', ''),
('2220100269', 'Jignasha Vipul Dalal', '', '', ''),
('2220100301', 'Kavita Devanand Bathe', '', '', ''),
('2220110003', 'Arvind Pandi Dorai', 'IEEE Login not working', 'NA', 'Reported to HOD'),
('2220110004', 'Arvind Pandi Dorai', 'No WiFi', 'NA', 'Reported to HOD'),
('2220110005', 'Arvind Pandi Dorai', 'lack of proper campus', 'NA', 'Reported to HOD'),
('2220110006', 'Arvind Pandi Dorai', 'Water cooler near boys washroom \r\nlack of proper approach road', 'NA', 'Reported to Students Welfare Committee'),
('2220110007', 'Arvind Pandi Dorai', 'No White screen in classroom', 'NA', 'Reported to HOD'),
('2220110008', 'Arvind Pandi Dorai', 'Canteen Food quality', 'NA', 'Reported to Students Welfare Commmittee'),
('2220110010', 'Arvind Pandi Dorai', 'A/c Not working in Lab 301A', 'NA', 'Reported to HOD'),
('2220110011', 'Shraddha Joshi', '', '', ''),
('2220110012', 'Kavita Devanand Bathe', '', '', ''),
('2220110013', 'Chitra Pravin Bhole', 'Attendance', 'Attend the Lectures', 'NA'),
('2220110014', 'Chitra Pravin Bhole', 'NA', 'NA', 'NA'),
('2220110015', 'Chitra Pravin Bhole', 'NA', 'NA', 'NA'),
('2220110016', 'Chitra Pravin Bhole', 'Need to involve in more co-curricular & extra curricular activities', 'NA', 'NA'),
('2220110017', 'Chitra Pravin Bhole', '', '', ''),
('2220110019', 'Chitra Pravin Bhole', ' Attendance in  lectures ,Involvment in curricular and extra curricular activities', 'Ragarding above points', 'NA'),
('2220110020', 'Arvind Pandi Dorai', '', '', ''),
('2220110022', 'Sarita Prashant Ambadekar', '', '', ''),
('2220110023', 'Arvind Pandi Dorai', 'No AC in Auditorium', 'NA', 'Reported to Students Welfare Commmittee'),
('2220110024', 'Arvind Pandi Dorai', 'Need proper approach road\r\nLift stops at alternate floors', 'NA', 'Reported to Students Welfare Commmittee'),
('2220110025', 'Arvind Pandi Dorai', 'Lift stops at alternate floors\r\nlack of proper approach road\r\nNo Sockets in corridor\r\nNo White screen in classrooms', 'NA', 'Reported to Students Welfare Commmittee\r\nReported to HOD\r\n'),
('2220110026', 'Shyamal Satish Virnodkar', '', '', ''),
('2220110027', 'Arvind Pandi Dorai', 'IEEE Login\r\n', 'NA', 'Reported to HOD'),
('2220110028', 'Shraddha Joshi', '', '', ''),
('2220110029', 'Arvind Pandi Dorai', 'Water cooler near boys washroom', 'NA', 'Reported to Students Welfare Committee'),
('2220110030', 'Arvind Pandi Dorai', 'lack of sports facility within campus', 'NA', 'Reported to Students Welfare Committee'),
('2220110031', 'Arvind Pandi Dorai', 'Water cooler near boys washroom \r\nlack of proper approach road', 'NA', 'Reported to Students Welfare Committee'),
('2220110032', 'Arvind Pandi Dorai', 'Lift stops at alternate floors\r\nlack of proper approach road\r\nSockets in corridor', 'NA', 'Reported to Students Welfare Committee'),
('2220110033', 'Arvind Pandi Dorai', 'Dot Matrix printers\r\nNo AC in Auditorium', 'NA', 'Reported to Students Welfare Committee\r\nReported to HOD'),
('2220110035', 'Shubhada Labde', '', '', ''),
('2220110036', 'Chitra Pravin Bhole', 'Attendance in lectures', 'REgarding  Attendance in lectures', 'NA'),
('2220110037', 'Chitra Pravin Bhole', '', '', ''),
('2220110039', 'Chitra Pravin Bhole', 'NA', 'NA', 'NA'),
('2220110040', 'Arvind Pandi Dorai', 'Water cooler near boys washroom \r\nlack of sports facility within campus\r\nLift stops at alternate floors', 'NA', 'Reported to Students Welfare Committee'),
('2220110041', 'Chitra Pravin Bhole', '', '', ''),
('2220110042', 'Arvind Pandi Dorai', 'lack of sports facility within campus\r\nDot Matrix printers\r\nNo AC in Auditorium', 'NA', 'Reported to Students Welfare Committee\r\nReported to HOD'),
('2220110043', 'Shraddha Joshi', '', '', ''),
('2220110044', 'Shraddha Joshi', '', '', ''),
('2220110045', 'Shraddha Joshi', '', '', ''),
('2220110047', 'Arvind Pandi Dorai', 'No White screen in classrooms\r\nlack of proper approach road', 'NA', 'Reported to Students Welfare Committee\r\nReported to HOD'),
('2220110048', '', '', '', ''),
('2220110049', 'Chitra Pravin Bhole', '', '', ''),
('2220110051', 'Shyamal Satish Virnodkar', '', '', ''),
('2220110053', 'Arvind Pandi Dorai', 'lack of proper approach road\r\nlack of sports facility within campus\r\nLift stops at alternate floors', 'NA', 'Reported to Students Welfare Committee'),
('2220110054', 'Arvind Pandi Dorai', 'Leakage in corridor\r\nlack of proper approach road', 'NA', 'Reported to Students Welfare Committee'),
('2220110055', 'Chitra Pravin Bhole', 'NA', 'NA', 'NA'),
('2220110056', 'Arvind Pandi Dorai', 'Water cooler near boys washroom \r\nlack of proper approach road', 'NA', 'Reported to Students Welfare Committee'),
('2220110057', 'Arvind Pandi Dorai', 'Lift stops at alternate floors\r\nlack of proper approach road\r\nWater cooler near boys washroom ', 'NA', 'Reported to Students Welfare Committee'),
('2220110058', 'Arvind Pandi Dorai', 'Canteen food quality\r\nlack of sports facility within campus ', 'NA', 'Reported to Students Welfare Committee'),
('2220110059', 'Chitra Pravin Bhole', 'Involvement in Co-curricular activities', 'Participate in  Co-curricular activities', 'NA'),
('2220110060', 'Shraddha Joshi', '', '', ''),
('2220110061', 'Arvind Pandi Dorai', 'Dot Matrix printers\r\nNo AC in Auditorium', 'NA', 'Reported to Students Welfare Committee\r\nReported to HOD'),
('2220110063', 'Arvind Pandi Dorai', 'lack of proper approach road\r\nWater cooler near boys washroom\r\nCanteen food quality', 'NA', 'Reported to Students Welfare Committee'),
('2220110064', 'Arvind Pandi Dorai', 'lack of sports facility within campus\r\nLeakage in corridor', 'NA', 'Reported to Students Welfare Committee'),
('2220110304', 'Nilambari Joshi', '', '', ''),
('2220110305', 'Kavita Devanand Bathe', '', '', ''),
('2220110306', 'Nilambari Joshi', '', '', ''),
('2220110307', 'Jignasha Vipul Dalal', '', '', ''),
('2220110308', 'Nilambari Joshi', '', '', ''),
('2220110309', 'Jignasha Vipul Dalal', '', '', ''),
('2220110310', 'Jignasha Vipul Dalal', '', '', ''),
('2220110311', 'Jignasha Vipul Dalal', '', '', ''),
('2220110312', 'Jignasha Vipul Dalal', '', '', ''),
('2220110313', 'Kavita Devanand Bathe', '', '', ''),
('2220110314', 'Kavita Devanand Bathe', '', '', ''),
('2220110315', 'Jignasha Vipul Dalal', '', '', ''),
('2220110316', 'Jignasha Vipul Dalal', '', '', ''),
('2220110317', 'Jignasha Vipul Dalal', '', '', ''),
('2220110318', 'Nilambari Joshi', '', '', ''),
('2220110319', 'Uday Umakant Rote', '', '', ''),
('2220110404', 'Kavita Devanand Bathe', '', '', ''),
('2220110432', 'Chitra Pravin Bhole', 'Invovment in activities', 'Regarding above', 'NA'),
('2220120006', 'Jignasha Vipul Dalal', '', '', ''),
('2220120008', 'Jyoti Ganesh Wadmare', '-', '-', '-'),
('2220120009', 'Nilambari Joshi', '', '', ''),
('2220120056', 'Jyoti Ganesh Wadmare', '--', '--', '--'),
('2220120065', 'Uday Umakant Rote', '', '', ''),
('2220120070', 'Sarita Prashant Ambadekar', '', '', ''),
('2220120071', 'Sarita Prashant Ambadekar', '', '', ''),
('2220120074', 'Shyamal Satish Virnodkar', '', '', ''),
('2220120075', 'Shyamal Satish Virnodkar', '', '', ''),
('2220120077', 'Shyamal Satish Virnodkar', '', '', ''),
('2220120078', 'Sarita Prashant Ambadekar', '', '', ''),
('2220120079', 'Sarita Prashant Ambadekar', '', '', ''),
('2220120080', 'Sarita Prashant Ambadekar', '', '', ''),
('2220120081', 'Shyamal Satish Virnodkar', '', '', ''),
('2220120085', 'Shraddha Joshi', '', '', ''),
('2220120086', 'Shubhada Labde', '', '', ''),
('2220120088', 'Shyamal Satish Virnodkar', '', '', ''),
('2220120090', 'Shyamal Satish Virnodkar', '', '', ''),
('2220120091', 'Sarita Prashant Ambadekar', '', '', ''),
('2220120092', 'Sarita Prashant Ambadekar', '', '', ''),
('2220120093', 'Shraddha Joshi', '', '', ''),
('2220120094', 'Shyamal Satish Virnodkar', '', '', ''),
('2220120095', 'Shyamal Satish Virnodkar', '', '', ''),
('2220120096', 'Shraddha Joshi', '', '', ''),
('2220120097', 'Sarita Prashant Ambadekar', '', '', ''),
('2220120098', 'Shubhada Labde', '', '', ''),
('2220120099', 'Shubhada Labde', '', '', ''),
('2220120100', 'Shraddha Joshi', '', '', ''),
('2220120101', 'Shubhada Labde', '', '', ''),
('2220120102', 'Shraddha Joshi', '', '', ''),
('2220120103', 'Shyamal Satish Virnodkar', '', '', ''),
('2220120104', 'Shyamal Satish Virnodkar', '', '', ''),
('2220120105', 'Shraddha Joshi', '', '', ''),
('2220120107', 'Shraddha Joshi', '', '', ''),
('2220120108', 'Shraddha Joshi', '', '', ''),
('2220120110', 'Shyamal Satish Virnodkar', '', '', ''),
('2220120111', 'Sarita Prashant Ambadekar', '', '', ''),
('2220120112', 'Shubhada Labde', '', '', ''),
('2220120113', 'Shyamal Satish Virnodkar', '', '', ''),
('2220120114', 'Shraddha Joshi', '', '', ''),
('2220120115', 'Shubhada Labde', '', '', ''),
('2220120116', 'Shyamal Satish Virnodkar', '', '', ''),
('2220120118', 'Shubhada Labde', '', '', ''),
('2220120119', 'Shraddha Joshi', '', '', ''),
('2220120121', 'Sarita Prashant Ambadekar', '', '', ''),
('2220120122', 'Shyamal Satish Virnodkar', '', '', ''),
('2220120123', 'Sarita Prashant Ambadekar', '', '', ''),
('2220120124', 'Sarita Prashant Ambadekar', '', '', ''),
('2220120126', 'Sarita Prashant Ambadekar', '', '', ''),
('2220120127', 'Shyamal Satish Virnodkar', '', '', ''),
('2220120129', 'Sarita Prashant Ambadekar', '', '', ''),
('2220120149', 'Arvind Pandi Dorai', 'Water cooler near boys washroom \r\nLeakage in corridor\r\nCanteen food quality', 'NA', 'Reported to Students Welfare Committee'),
('2220120154', 'Jyoti Ganesh Wadmare', 'A.C is not working in 301A', '--', 'Informed to H.O.D'),
('2220120166', 'Arvind Pandi Dorai', 'Canteen food quality\r\nlack of proper approach road\r\nDot Matrix printers', 'NA', 'Reported to Students Welfare Committee\r\nReported to HOD\r\n'),
('2220120170', 'Arvind Pandi Dorai', 'Canteen food quality', 'NA', 'Reported to Students Welfare Committee'),
('2220120174', 'Jyoti Ganesh Wadmare', 'No locker facility to third year students', '--', 'Informed to H.O.D'),
('2220120179', 'Jyoti Ganesh Wadmare', '--', '--', '--'),
('2220120185', 'Arvind Pandi Dorai', 'No AC in Auditorium\r\nLeakage in corridor', 'NA', 'Reported to Students Welfare Committee'),
('2220120188', 'Jyoti Ganesh Wadmare', 'Railway concession form timing after 1.30 pm instead  of 3.30', '--', 'Informed to student welfare committee'),
('2220120199', 'Jyoti Ganesh Wadmare', 'parking allotment for students', '--', 'Reported to Students Welfare Committee'),
('2220120204', 'Jyoti Ganesh Wadmare', '--', '--', '--'),
('2220120220', 'Jyoti Ganesh Wadmare', '--', '--', '--'),
('2220120233', 'Jyoti Ganesh Wadmare', '--', '--', '--'),
('2220120236', 'Jyoti Ganesh Wadmare', '--', '--', '--'),
('2220120239', 'Arvind Pandi Dorai', 'lack of proper approach road\r\nCanteen food quality\r\nSockets in corridor', 'NA', 'Reported to Students Welfare Committee'),
('2220120242', 'Jyoti Ganesh Wadmare', 'Canteen food quality', '--', 'Reported to Students Welfare Committee'),
('2220120243', 'Jyoti Ganesh Wadmare', 'Elective subject overview', '--', 'Done'),
('2220120244', 'Jyoti Ganesh Wadmare', 'Switch is not working properly in 301B', '--', 'Reported to HOD'),
('2220120245', 'Jyoti Ganesh Wadmare', '--', '--', '--'),
('2220120246', 'Jyoti Ganesh Wadmare', '--', '--', '--'),
('2220120247', 'Jyoti Ganesh Wadmare', '--', '--', '--'),
('2220120248', 'Jyoti Ganesh Wadmare', '--', '--', '--'),
('2220120250', 'Jyoti Ganesh Wadmare', '--', '--', '--'),
('2220120474', 'Shraddha Joshi', '', '', ''),
('2220120479', 'Shubhada Labde', '', '', ''),
('2220120480', 'Shraddha Joshi', '', '', ''),
('2220120497', '', '', '', ''),
('2220130302', 'Shraddha Joshi', '', '', ''),
('2220130304', 'Shyamal Satish Virnodkar', '', '', ''),
('2220130305', 'Shubhada Labde', '', '', ''),
('2220130307', 'Shubhada Labde', '', '', ''),
('2220130308', 'Shraddha Joshi', '', '', ''),
('2220130309', 'Shyamal Satish Virnodkar', '', '', ''),
('2220130310', 'Shyamal Satish Virnodkar', '', '', ''),
('2220130311', '', '', '', ''),
('2220130312', 'Shyamal Satish Virnodkar', '', '', ''),
('2220130313', 'Sarita Prashant Ambadekar', '', '', '');

-- --------------------------------------------------------

--
-- Table structure for table `proctor_rev_sem_i`
--

CREATE TABLE IF NOT EXISTS `proctor_rev_sem_i` (
  `student_id` varchar(20) NOT NULL,
  `maths_I` int(200) NOT NULL,
  `physics_I` int(200) NOT NULL,
  `chemistry_I` int(200) NOT NULL,
  `mechanics` int(200) NOT NULL,
  `bee` int(200) NOT NULL,
  `cp_I` int(200) NOT NULL,
  `workshop_I` int(200) NOT NULL,
  PRIMARY KEY (`student_id`)
) ENGINE=InnoDB DEFAULT CHARSET=latin1;

--
-- Dumping data for table `proctor_rev_sem_i`
--

INSERT INTO `proctor_rev_sem_i` (`student_id`, `maths_I`, `physics_I`, `chemistry_I`, `mechanics`, `bee`, `cp_I`, `workshop_I`) VALUES
('2220070002', 0, 0, 0, 0, 0, 0, 0),
('2220070005', 0, 0, 0, 0, 0, 0, 0),
('2220100001', 0, 0, 0, 0, 0, 0, 0),
('2220100002', 0, 0, 0, 0, 0, 0, 0),
('2220100003', 0, 0, 0, 0, 0, 0, 0),
('2220100004', 0, 0, 0, 0, 0, 0, 0),
('2220100005', 0, 0, 0, 0, 0, 0, 0),
('2220100006', 0, 0, 0, 0, 0, 0, 0),
('2220100007', 0, 0, 0, 0, 0, 0, 0),
('2220100008', 0, 0, 0, 0, 0, 0, 0),
('2220100009', 0, 0, 0, 0, 0, 0, 0),
('2220100010', 0, 0, 0, 0, 0, 0, 0),
('2220100011', 0, 0, 0, 0, 0, 0, 0),
('2220100015', 0, 0, 0, 0, 0, 0, 0),
('2220100016', 0, 0, 0, 0, 0, 0, 0),
('2220100017', 0, 0, 0, 0, 0, 0, 0),
('2220100018', 0, 0, 0, 0, 0, 0, 0),
('2220100019', 0, 0, 0, 0, 0, 0, 0),
('2220100020', 0, 0, 0, 0, 0, 0, 0),
('2220100021', 0, 0, 0, 0, 0, 0, 0),
('2220100022', 0, 0, 0, 0, 0, 0, 0),
('2220100023', 0, 0, 0, 0, 0, 0, 0),
('2220100024', 0, 0, 0, 0, 0, 0, 0),
('2220100025', 0, 0, 0, 0, 0, 0, 0),
('2220100027', 0, 0, 0, 0, 0, 0, 0),
('2220100028', 0, 0, 0, 0, 0, 0, 0),
('2220100031', 0, 0, 0, 0, 0, 0, 0),
('2220100032', 0, 0, 0, 0, 0, 0, 0),
('2220100033', 0, 0, 0, 0, 0, 0, 0),
('2220100034', 0, 0, 0, 0, 0, 0, 0),
('2220100035', 0, 0, 0, 0, 0, 0, 0),
('2220100036', 0, 0, 0, 0, 0, 0, 0),
('2220100037', 0, 0, 0, 0, 0, 0, 0),
('2220100038', 55, 41, 60, 47, 52, 62, 50),
('2220100039', 0, 0, 0, 0, 0, 0, 0),
('2220100040', 0, 0, 0, 0, 0, 0, 0),
('2220100041', 0, 0, 0, 0, 0, 0, 0),
('2220100044', 0, 0, 0, 0, 0, 0, 0),
('2220100045', 0, 0, 0, 0, 0, 0, 0),
('2220100046', 0, 0, 0, 0, 0, 0, 0),
('2220100050', 0, 0, 0, 0, 0, 0, 0),
('2220100051', 0, 0, 0, 0, 0, 0, 0),
('2220100052', 0, 0, 0, 0, 0, 0, 0),
('2220100053', 0, 0, 0, 0, 0, 0, 0),
('2220100263', 0, 0, 0, 0, 0, 0, 0),
('2220100264', 0, 0, 0, 0, 0, 0, 0),
('2220100265', 0, 0, 0, 0, 0, 0, 0),
('2220100266', 0, 0, 0, 0, 0, 0, 0),
('2220100267', 0, 0, 0, 0, 0, 0, 0),
('2220100268', 0, 0, 0, 0, 0, 0, 0),
('2220100269', 0, 0, 0, 0, 0, 0, 0),
('2220100301', 0, 0, 0, 0, 0, 0, 0),
('2220110003', 81, 55, 46, 82, 65, 78, 39),
('2220110004', 0, 0, 0, 0, 0, 0, 0),
('2220110005', 0, 0, 0, 0, 0, 0, 0),
('2220110006', 0, 0, 0, 0, 0, 0, 0),
('2220110007', 0, 0, 0, 0, 0, 0, 0),
('2220110008', 0, 0, 0, 0, 0, 0, 0),
('2220110010', 0, 0, 0, 0, 0, 0, 0),
('2220110012', 0, 0, 0, 0, 0, 0, 0),
('2220110013', 0, 0, 0, 0, 0, 0, 0),
('2220110014', 0, 0, 0, 0, 0, 0, 0),
('2220110015', 0, 0, 0, 0, 0, 0, 0),
('2220110016', 0, 0, 0, 0, 0, 0, 0),
('2220110017', 0, 0, 0, 0, 0, 0, 0),
('2220110019', 0, 0, 0, 0, 0, 0, 0),
('2220110020', 0, 0, 0, 0, 0, 0, 0),
('2220110023', 0, 0, 0, 0, 0, 0, 0),
('2220110024', 0, 0, 0, 0, 0, 0, 0),
('2220110025', 0, 0, 0, 0, 0, 0, 0),
('2220110027', 0, 0, 0, 0, 0, 0, 0),
('2220110029', 0, 0, 0, 0, 0, 0, 0),
('2220110030', 0, 0, 0, 0, 0, 0, 0),
('2220110031', 0, 0, 0, 0, 0, 0, 0),
('2220110032', 0, 0, 0, 0, 0, 0, 0),
('2220110033', 0, 0, 0, 0, 0, 0, 0),
('2220110036', 0, 0, 0, 0, 0, 0, 0),
('2220110037', 0, 0, 0, 0, 0, 0, 0),
('2220110039', 0, 0, 0, 0, 0, 0, 0),
('2220110040', 0, 0, 0, 0, 0, 0, 0),
('2220110041', 0, 0, 0, 0, 0, 0, 0),
('2220110042', 0, 0, 0, 0, 0, 0, 0),
('2220110047', 0, 0, 0, 0, 0, 0, 0),
('2220110049', 0, 0, 0, 0, 0, 0, 0),
('2220110053', 0, 0, 0, 0, 0, 0, 0),
('2220110054', 0, 0, 0, 0, 0, 0, 0),
('2220110055', 0, 0, 0, 0, 0, 0, 0),
('2220110056', 0, 0, 0, 0, 0, 0, 0),
('2220110057', 0, 0, 0, 0, 0, 0, 0),
('2220110058', 0, 0, 0, 0, 0, 0, 0),
('2220110059', 0, 0, 0, 0, 0, 0, 0),
('2220110061', 0, 0, 0, 0, 0, 0, 0),
('2220110063', 0, 0, 0, 0, 0, 0, 0),
('2220110064', 48, 61, 35, 90, 43, 54, 12),
('2220110432', 0, 0, 0, 0, 0, 0, 0),
('2220120006', 0, 0, 0, 0, 0, 0, 0),
('2220120008', 0, 0, 0, 0, 0, 0, 0),
('2220120056', 0, 0, 0, 0, 0, 0, 0),
('2220120075', 0, 0, 0, 0, 0, 0, 0),
('2220120098', 0, 0, 0, 0, 0, 0, 0),
('2220120105', 0, 0, 0, 0, 0, 0, 0),
('2220120108', 0, 0, 0, 0, 0, 0, 0),
('2220120119', 0, 0, 0, 0, 0, 0, 0),
('2220120480', 0, 0, 0, 0, 0, 0, 0);

-- --------------------------------------------------------

--
-- Table structure for table `proctor_rev_sem_ii`
--

CREATE TABLE IF NOT EXISTS `proctor_rev_sem_ii` (
  `student_id` varchar(20) NOT NULL,
  `maths_II` int(200) NOT NULL,
  `physics_II` int(200) NOT NULL,
  `chemistry_II` int(200) NOT NULL,
  `comm_skills` int(200) NOT NULL,
  `engg_drawing` int(200) NOT NULL,
  `cp_II` int(200) NOT NULL,
  `workshop_II` int(200) NOT NULL,
  PRIMARY KEY (`student_id`)
) ENGINE=InnoDB DEFAULT CHARSET=latin1;

--
-- Dumping data for table `proctor_rev_sem_ii`
--

INSERT INTO `proctor_rev_sem_ii` (`student_id`, `maths_II`, `physics_II`, `chemistry_II`, `comm_skills`, `engg_drawing`, `cp_II`, `workshop_II`) VALUES
('2220070002', 0, 0, 0, 0, 0, 0, 0),
('2220070005', 0, 0, 0, 0, 0, 0, 0),
('2220100001', 0, 0, 0, 0, 0, 0, 0),
('2220100002', 0, 0, 0, 0, 0, 0, 0),
('2220100003', 0, 0, 0, 0, 0, 0, 0),
('2220100004', 0, 0, 0, 0, 0, 0, 0),
('2220100005', 0, 0, 0, 0, 0, 0, 0),
('2220100006', 0, 0, 0, 0, 0, 0, 0),
('2220100007', 0, 0, 0, 0, 0, 0, 0),
('2220100008', 0, 0, 0, 0, 0, 0, 0),
('2220100009', 0, 0, 0, 0, 0, 0, 0),
('2220100010', 0, 0, 0, 0, 0, 0, 0),
('2220100011', 0, 0, 0, 0, 0, 0, 0),
('2220100015', 0, 0, 0, 0, 0, 0, 0),
('2220100016', 0, 0, 0, 0, 0, 0, 0),
('2220100017', 0, 0, 0, 0, 0, 0, 0),
('2220100018', 0, 0, 0, 0, 0, 0, 0),
('2220100019', 0, 0, 0, 0, 0, 0, 0),
('2220100020', 0, 0, 0, 0, 0, 0, 0),
('2220100021', 0, 0, 0, 0, 0, 0, 0),
('2220100022', 0, 0, 0, 0, 0, 0, 0),
('2220100023', 0, 0, 0, 0, 0, 0, 0),
('2220100024', 0, 0, 0, 0, 0, 0, 0),
('2220100025', 0, 0, 0, 0, 0, 0, 0),
('2220100027', 0, 0, 0, 0, 0, 0, 0),
('2220100028', 0, 0, 0, 0, 0, 0, 0),
('2220100031', 0, 0, 0, 0, 0, 0, 0),
('2220100032', 0, 0, 0, 0, 0, 0, 0),
('2220100033', 0, 0, 0, 0, 0, 0, 0),
('2220100034', 0, 0, 0, 0, 0, 0, 0),
('2220100035', 0, 0, 0, 0, 0, 0, 0),
('2220100036', 0, 0, 0, 0, 0, 0, 0),
('2220100037', 0, 0, 0, 0, 0, 0, 0),
('2220100038', 40, 32, 60, 48, 58, 61, 65),
('2220100039', 0, 0, 0, 0, 0, 0, 0),
('2220100040', 0, 0, 0, 0, 0, 0, 0),
('2220100041', 0, 0, 0, 0, 0, 0, 0),
('2220100044', 0, 0, 0, 0, 0, 0, 0),
('2220100045', 0, 0, 0, 0, 0, 0, 0),
('2220100046', 0, 0, 0, 0, 0, 0, 0),
('2220100050', 0, 0, 0, 0, 0, 0, 0),
('2220100051', 0, 0, 0, 0, 0, 0, 0),
('2220100052', 0, 0, 0, 0, 0, 0, 0),
('2220100053', 0, 0, 0, 0, 0, 0, 0),
('2220100263', 0, 0, 0, 0, 0, 0, 0),
('2220100264', 0, 0, 0, 0, 0, 0, 0),
('2220100265', 0, 0, 0, 0, 0, 0, 0),
('2220100266', 0, 0, 0, 0, 0, 0, 0),
('2220100267', 0, 0, 0, 0, 0, 0, 0),
('2220100268', 0, 0, 0, 0, 0, 0, 0),
('2220100269', 0, 0, 0, 0, 0, 0, 0),
('2220100301', 0, 0, 0, 0, 0, 0, 0),
('2220110003', 93, 64, 34, 41, 54, 68, 44),
('2220110004', 0, 0, 0, 0, 0, 0, 0),
('2220110005', 0, 0, 0, 0, 0, 0, 0),
('2220110006', 0, 0, 0, 0, 0, 0, 0),
('2220110007', 0, 0, 0, 0, 0, 0, 0),
('2220110008', 0, 0, 0, 0, 0, 0, 0),
('2220110010', 0, 0, 0, 0, 0, 0, 0),
('2220110012', 0, 0, 0, 0, 0, 0, 0),
('2220110013', 0, 0, 0, 0, 0, 0, 0),
('2220110014', 0, 0, 0, 0, 0, 0, 0),
('2220110015', 0, 0, 0, 0, 0, 0, 0),
('2220110016', 0, 0, 0, 0, 0, 0, 0),
('2220110017', 0, 0, 0, 0, 0, 0, 0),
('2220110019', 0, 0, 0, 0, 0, 0, 0),
('2220110020', 0, 0, 0, 0, 0, 0, 0),
('2220110023', 0, 0, 0, 0, 0, 0, 0),
('2220110024', 0, 0, 0, 0, 0, 0, 82),
('2220110025', 0, 0, 0, 0, 0, 0, 0),
('2220110027', 0, 0, 0, 0, 0, 0, 0),
('2220110029', 0, 0, 0, 0, 0, 0, 0),
('2220110030', 0, 0, 0, 0, 0, 0, 0),
('2220110031', 0, 0, 0, 0, 0, 0, 0),
('2220110032', 0, 0, 0, 0, 0, 0, 0),
('2220110033', 0, 0, 0, 0, 0, 0, 0),
('2220110036', 0, 0, 0, 0, 0, 0, 0),
('2220110037', 0, 0, 0, 0, 0, 0, 0),
('2220110039', 0, 0, 0, 0, 0, 0, 0),
('2220110040', 0, 0, 0, 0, 0, 0, 0),
('2220110041', 0, 0, 0, 0, 0, 0, 0),
('2220110042', 0, 0, 0, 0, 0, 0, 0),
('2220110047', 0, 0, 0, 0, 0, 0, 0),
('2220110049', 0, 0, 0, 0, 0, 0, 0),
('2220110053', 0, 0, 0, 0, 0, 0, 0),
('2220110054', 0, 0, 0, 0, 0, 0, 0),
('2220110055', 0, 0, 0, 0, 0, 0, 0),
('2220110056', 0, 0, 0, 0, 0, 0, 0),
('2220110057', 0, 0, 0, 0, 0, 0, 0),
('2220110058', 0, 0, 0, 0, 0, 0, 0),
('2220110059', 0, 0, 0, 0, 0, 0, 0),
('2220110061', 0, 0, 0, 0, 0, 0, 0),
('2220110063', 0, 0, 0, 0, 0, 0, 0),
('2220110064', 0, 0, 0, 0, 0, 0, 0),
('2220110432', 0, 0, 0, 0, 0, 0, 0),
('2220120006', 0, 0, 0, 0, 0, 0, 0),
('2220120008', 0, 0, 0, 0, 0, 0, 0),
('2220120056', 0, 0, 0, 0, 0, 0, 0),
('2220120075', 0, 0, 0, 0, 0, 0, 0),
('2220120098', 0, 0, 0, 0, 0, 0, 0),
('2220120105', 0, 0, 0, 0, 0, 0, 0),
('2220120108', 0, 0, 0, 0, 0, 0, 0),
('2220120119', 0, 0, 0, 0, 0, 0, 0),
('2220120480', 0, 0, 0, 0, 0, 0, 0);

-- --------------------------------------------------------

--
-- Table structure for table `proctor_rev_sem_iii`
--

CREATE TABLE IF NOT EXISTS `proctor_rev_sem_iii` (
  `student_id` varchar(20) NOT NULL,
  `maths_III` int(200) NOT NULL,
  `edlc` int(200) NOT NULL,
  `dsgt` int(200) NOT NULL,
  `dlda` int(200) NOT NULL,
  `dsf` int(200) NOT NULL,
  `coa` int(200) NOT NULL,
  `pct` int(200) NOT NULL,
  PRIMARY KEY (`student_id`)
) ENGINE=InnoDB DEFAULT CHARSET=latin1;

--
-- Dumping data for table `proctor_rev_sem_iii`
--

INSERT INTO `proctor_rev_sem_iii` (`student_id`, `maths_III`, `edlc`, `dsgt`, `dlda`, `dsf`, `coa`, `pct`) VALUES
('2220070002', 0, 0, 0, 0, 0, 0, 0),
('2220070005', 0, 0, 0, 0, 0, 0, 0),
('2220100001', 84, 78, 93, 89, 95, 83, 76),
('2220100002', 74, 68, 83, 85, 72, 58, 59),
('2220100003', 58, 73, 83, 81, 74, 75, 71),
('2220100004', 84, 84, 93, 96, 97, 88, 94),
('2220100005', 89, 84, 100, 89, 90, 79, 88),
('2220100006', 84, 73, 79, 81, 74, 83, 71),
('2220100007', 79, 65, 97, 81, 85, 83, 82),
('2220100008', 84, 68, 75, 78, 79, 79, 65),
('2220100009', 71, 68, 83, 63, 97, 75, 58),
('2220100010', 71, 27, 86, 81, 95, 97, 71),
('2220100011', 66, 68, 66, 81, 79, 58, 71),
('2220100015', 66, 73, 79, 81, 87, 79, 71),
('2220100016', 84, 68, 83, 89, 79, 71, 65),
('2220100017', 79, 81, 86, 85, 90, 79, 76),
('2220100018', 62, 76, 35, 72, 38, 68, 29),
('2220100019', 53, 46, 59, 70, 72, 63, 76),
('2220100020', 89, 92, 100, 100, 87, 83, 88),
('2220100021', 76, 84, 83, 78, 72, 88, 71),
('2220100022', 58, 51, 72, 68, 67, 67, 67),
('2220100023', 55, 57, 72, 59, 87, 67, 41),
('2220100024', 71, 59, 66, 70, 67, 41, 43),
('2220100025', 92, 92, 97, 96, 97, 75, 94),
('2220100027', 87, 95, 97, 81, 87, 83, 88),
('2220100028', 79, 76, 83, 100, 87, 79, 76),
('2220100031', 84, 76, 72, 96, 82, 71, 74),
('2220100032', 79, 78, 79, 93, 87, 79, 76),
('2220100033', 76, 59, 72, 74, 67, 63, 53),
('2220100034', 68, 57, 79, 78, 82, 58, 65),
('2220100035', 79, 81, 93, 93, 82, 79, 76),
('2220100036', 0, 0, 0, 0, 0, 0, 0),
('2220100037', 0, 0, 0, 0, 0, 0, 0),
('2220100038', 51, 45, 61, 58, 55, 67, 50),
('2220100039', 0, 0, 0, 0, 0, 0, 0),
('2220100040', 79, 62, 83, 78, 77, 75, 76),
('2220100041', 0, 0, 0, 0, 0, 0, 0),
('2220100044', 76, 84, 90, 96, 82, 79, 59),
('2220100045', 74, 84, 72, 89, 95, 79, 71),
('2220100046', 0, 0, 0, 0, 0, 0, 0),
('2220100050', 62, 52, 55, 72, 43, 71, 54),
('2220100051', 68, 62, 83, 74, 82, 74, 71),
('2220100052', 87, 68, 72, 89, 85, 67, 71),
('2220100053', 76, 81, 76, 81, 85, 71, 88),
('2220100263', 71, 84, 93, 100, 82, 79, 53),
('2220100264', 79, 81, 79, 67, 77, 75, 76),
('2220100265', 39, 41, 45, 56, 44, 42, 29),
('2220100266', 37, 27, 48, 41, 49, 42, 24),
('2220100267', 68, 59, 76, 96, 77, 63, 71),
('2220100268', 50, 46, 62, 52, 59, 54, 45),
('2220100269', 71, 76, 79, 81, 87, 79, 71),
('2220100301', 34, 73, 76, 81, 90, 67, 53),
('2220110003', 60, 65, 44, 74, 53, 69, 21),
('2220110004', 79, 61, 35, 72, 65, 61, 45),
('2220110005', 50, 50, 32, 76, 59, 61, 41),
('2220110006', 67, 63, 45, 62, 62, 68, 41),
('2220110007', 53, 63, 45, 52, 74, 54, 45),
('2220110008', 70, 70, 47, 70, 66, 62, 39),
('2220110010', 48, 46, 30, 58, 40, 48, 40),
('2220110012', 44, 65, 28, 84, 61, 36, 9),
('2220110013', 71, 58, 42, 90, 62, 68, 24),
('2220110014', 55, 42, 35, 59, 32, 57, 12),
('2220110015', 60, 62, 41, 70, 53, 69, 21),
('2220110016', 43, 45, 29, 59, 27, 46, 12),
('2220110017', 60, 58, 39, 59, 43, 50, 35),
('2220110019', 67, 45, 42, 48, 46, 71, 10),
('2220110020', 0, 0, 0, 0, 0, 0, 0),
('2220110023', 62, 45, 42, 72, 54, 52, 45),
('2220110024', 67, 53, 45, 62, 49, 54, 41),
('2220110025', 86, 73, 47, 98, 83, 88, 74),
('2220110027', 63, 68, 54, 49, 64, 65, 62),
('2220110029', 48, 42, 23, 62, 49, 39, 35),
('2220110030', 64, 47, 42, 64, 46, 50, 35),
('2220110031', 64, 63, 26, 62, 49, 57, 40),
('2220110032', 79, 78, 54, 46, 69, 61, 50),
('2220110033', 72, 75, 74, 70, 69, 72, 73),
('2220110036', 70, 60, 50, 81, 56, 69, 33),
('2220110037', 52, 45, 32, 41, 46, 21, 18),
('2220110039', 72, 68, 50, 91, 72, 86, 43),
('2220110040', 71, 42, 35, 69, 59, 71, 80),
('2220110041', 65, 63, 36, 38, 24, 42, 16),
('2220110042', 48, 47, 35, 66, 51, 61, 12),
('2220110047', 76, 81, 71, 66, 69, 78, 88),
('2220110049', 55, 35, 18, 46, 45, 26, 25),
('2220110053', 71, 68, 45, 62, 59, 75, 57),
('2220110054', 50, 47, 26, 86, 46, 50, 80),
('2220110055', 67, 45, 42, 48, 46, 71, 12),
('2220110056', 76, 66, 39, 72, 68, 82, 41),
('2220110057', 0, 0, 0, 0, 0, 0, 0),
('2220110058', 67, 58, 52, 83, 54, 71, 18),
('2220110059', 75, 67, 59, 72, 61, 74, 22),
('2220110061', 52, 61, 48, 76, 43, 43, 12),
('2220110063', 76, 58, 32, 69, 62, 68, 57),
('2220110064', 54, 61, 71, 45, 78, 49, 43),
('2220110304', 0, 0, 0, 0, 0, 0, 0),
('2220110305', 0, 0, 0, 0, 0, 0, 0),
('2220110306', 0, 0, 0, 0, 0, 0, 0),
('2220110307', 0, 0, 0, 0, 0, 0, 0),
('2220110308', 0, 0, 0, 0, 0, 0, 0),
('2220110309', 0, 0, 0, 0, 0, 0, 0),
('2220110310', 0, 0, 0, 0, 0, 0, 0),
('2220110311', 0, 0, 0, 0, 0, 0, 0),
('2220110312', 0, 0, 0, 0, 0, 0, 0),
('2220110313', 0, 0, 0, 0, 0, 0, 0),
('2220110314', 0, 0, 0, 0, 0, 0, 0),
('2220110315', 0, 0, 0, 0, 0, 0, 0),
('2220110316', 0, 0, 0, 0, 0, 0, 0),
('2220110317', 0, 0, 0, 0, 0, 0, 0),
('2220110318', 0, 0, 0, 0, 0, 0, 0),
('2220110319', 0, 0, 0, 0, 0, 0, 0),
('2220110404', 0, 0, 0, 0, 0, 0, 0),
('2220110432', 81, 79, 55, 76, 76, 86, 53),
('2220120006', 0, 0, 0, 0, 0, 0, 0),
('2220120008', 0, 0, 0, 0, 0, 0, 0),
('2220120009', 0, 0, 0, 0, 0, 0, 0),
('2220120056', 0, 0, 0, 0, 0, 0, 0),
('2220120065', 0, 0, 0, 0, 0, 0, 0),
('2220120075', 0, 0, 0, 0, 0, 0, 0),
('2220120098', 0, 0, 0, 0, 0, 0, 0),
('2220120105', 0, 0, 0, 0, 0, 0, 0),
('2220120108', 0, 0, 0, 0, 0, 0, 0),
('2220120119', 0, 0, 0, 0, 0, 0, 0),
('2220120149', 0, 0, 0, 0, 0, 0, 0),
('2220120154', 0, 0, 0, 0, 0, 0, 0),
('2220120166', 0, 0, 0, 0, 0, 0, 0),
('2220120170', 0, 0, 0, 0, 0, 0, 0),
('2220120174', 0, 0, 0, 0, 0, 0, 0),
('2220120179', 75, 80, 68, 78, 80, 67, 80),
('2220120185', 0, 0, 0, 0, 0, 0, 0),
('2220120188', 0, 0, 0, 0, 0, 0, 0),
('2220120199', 0, 0, 0, 0, 0, 0, 0),
('2220120204', 0, 0, 0, 0, 0, 0, 0),
('2220120220', 0, 0, 0, 0, 0, 0, 0),
('2220120233', 0, 0, 0, 0, 0, 0, 0),
('2220120236', 0, 0, 0, 0, 0, 0, 0),
('2220120239', 0, 0, 0, 0, 0, 0, 0),
('2220120242', 0, 0, 0, 0, 0, 0, 0),
('2220120243', 0, 0, 0, 0, 0, 0, 0),
('2220120244', 0, 0, 0, 0, 0, 0, 0),
('2220120245', 0, 0, 0, 0, 0, 0, 0),
('2220120246', 0, 0, 0, 0, 0, 0, 0),
('2220120247', 0, 0, 0, 0, 0, 0, 0),
('2220120248', 0, 0, 0, 0, 0, 0, 0),
('2220120250', 0, 0, 0, 0, 0, 0, 0),
('2220120480', 0, 0, 0, 0, 0, 0, 0),
('2220130307', 0, 0, 0, 0, 0, 0, 0);

-- --------------------------------------------------------

--
-- Table structure for table `proctor_rev_sem_iv`
--

CREATE TABLE IF NOT EXISTS `proctor_rev_sem_iv` (
  `student_id` varchar(20) NOT NULL,
  `maths_IV` int(200) NOT NULL,
  `adc` int(200) NOT NULL,
  `dbms` int(200) NOT NULL,
  `cg` int(200) NOT NULL,
  `aoad` int(200) NOT NULL,
  `os` int(200) NOT NULL,
  PRIMARY KEY (`student_id`)
) ENGINE=InnoDB DEFAULT CHARSET=latin1;

--
-- Dumping data for table `proctor_rev_sem_iv`
--

INSERT INTO `proctor_rev_sem_iv` (`student_id`, `maths_IV`, `adc`, `dbms`, `cg`, `aoad`, `os`) VALUES
('2220070002', 0, 0, 0, 0, 0, 0),
('2220070005', 0, 0, 0, 0, 0, 0),
('2220100001', 89, 75, 97, 84, 75, 94),
('2220100002', 78, 75, 69, 73, 77, 65),
('2220100003', 86, 66, 83, 78, 71, 79),
('2220100004', 78, 69, 80, 81, 66, 88),
('2220100005', 86, 72, 86, 97, 80, 94),
('2220100006', 64, 47, 57, 59, 54, 62),
('2220100007', 72, 77, 71, 49, 66, 62),
('2220100008', 83, 66, 74, 86, 77, 76),
('2220100009', 71, 53, 71, 84, 68, 68),
('2220100010', 86, 75, 80, 78, 69, 79),
('2220100011', 56, 50, 71, 65, 57, 65),
('2220100015', 75, 59, 77, 95, 77, 88),
('2220100016', 72, 69, 71, 73, 51, 76),
('2220100017', 72, 75, 86, 86, 69, 82),
('2220100018', 0, 0, 0, 0, 0, 0),
('2220100019', 67, 53, 83, 70, 57, 82),
('2220100020', 91, 89, 95, 75, 91, 86),
('2220100021', 74, 67, 68, 72, 65, 66),
('2220100022', 61, 56, 63, 35, 51, 68),
('2220100023', 63, 69, 68, 53, 53, 63),
('2220100024', 69, 59, 63, 76, 57, 71),
('2220100025', 75, 63, 66, 68, 74, 82),
('2220100027', 86, 81, 76, 81, 91, 86),
('2220100028', 86, 78, 86, 63, 82, 77),
('2220100031', 47, 84, 80, 72, 85, 81),
('2220100032', 83, 78, 81, 75, 79, 77),
('2220100033', 63, 64, 68, 44, 71, 63),
('2220100034', 64, 59, 66, 68, 83, 68),
('2220100035', 81, 69, 80, 84, 91, 85),
('2220100036', 0, 0, 0, 0, 0, 0),
('2220100037', 0, 0, 0, 0, 0, 0),
('2220100038', 49, 68, 40, 55, 64, 65),
('2220100039', 0, 0, 0, 0, 0, 0),
('2220100040', 63, 50, 54, 56, 47, 57),
('2220100041', 0, 0, 0, 0, 0, 0),
('2220100044', 78, 69, 80, 65, 80, 65),
('2220100045', 69, 59, 71, 81, 77, 79),
('2220100046', 0, 0, 0, 0, 0, 0),
('2220100050', 82, 80, 100, 100, 80, 67),
('2220100051', 66, 61, 65, 63, 59, 66),
('2220100052', 71, 72, 73, 53, 79, 69),
('2220100053', 81, 66, 91, 86, 83, 97),
('2220100263', 92, 81, 94, 97, 89, 91),
('2220100264', 67, 56, 83, 78, 77, 74),
('2220100265', 50, 41, 54, 35, 51, 50),
('2220100266', 53, 32, 20, 33, 46, 55),
('2220100267', 60, 72, 73, 53, 76, 51),
('2220100268', 61, 4, 57, 54, 49, 44),
('2220100269', 67, 50, 60, 46, 74, 56),
('2220100301', 89, 92, 84, 75, 85, 89),
('2220110003', 0, 67, 90, 90, 100, 60),
('2220110004', 100, 92, 100, 100, 100, 60),
('2220110005', 80, 67, 100, 90, 100, 70),
('2220110006', 0, 92, 90, 90, 100, 90),
('2220110007', 45, 54, 59, 51, 54, 49),
('2220110008', 0, 0, 0, 0, 0, 0),
('2220110010', 0, 75, 90, 80, 86, 50),
('2220110012', 32, 36, 65, 51, 49, 41),
('2220110013', 0, 0, 0, 0, 0, 0),
('2220110014', 70, 80, 100, 90, 88, 91),
('2220110015', 0, 90, 55, 90, 88, 100),
('2220110016', 70, 70, 100, 90, 88, 100),
('2220110017', 100, 90, 91, 80, 100, 100),
('2220110019', 40, 78, 57, 61, 68, 51),
('2220110020', 0, 0, 0, 0, 0, 0),
('2220110023', 100, 90, 80, 75, 67, 82),
('2220110024', 0, 67, 100, 100, 100, 60),
('2220110025', 0, 92, 100, 100, 100, 71),
('2220110027', 56, 55, 90, 100, 100, 56),
('2220110029', 67, 100, 80, 71, 60, 49),
('2220110030', 0, 73, 90, 100, 100, 60),
('2220110031', 67, 100, 70, 71, 60, 50),
('2220110032', 0, 92, 90, 90, 100, 70),
('2220110033', 71, 70, 65, 69, 68, 78),
('2220110036', 0, 100, 100, 100, 100, 100),
('2220110037', 0, 70, 91, 90, 100, 80),
('2220110039', 0, 80, 100, 100, 100, 100),
('2220110040', 75, 83, 90, 100, 100, 71),
('2220110041', 61, 60, 91, 90, 88, 90),
('2220110042', 75, 92, 100, 90, 100, 70),
('2220110047', 0, 0, 0, 0, 0, 0),
('2220110049', 85, 70, 73, 90, 65, 70),
('2220110053', 65, 70, 72, 72, 68, 60),
('2220110054', 60, 65, 68, 69, 62, 60),
('2220110055', 0, 0, 0, 0, 0, 0),
('2220110056', 75, 83, 80, 80, 100, 70),
('2220110057', 0, 0, 0, 0, 0, 0),
('2220110058', 0, 83, 90, 100, 100, 70),
('2220110059', 0, 100, 100, 100, 100, 100),
('2220110061', 0, 0, 0, 0, 0, 0),
('2220110063', 0, 92, 100, 100, 100, 70),
('2220110064', 52, 67, 90, 70, 86, 60),
('2220110304', 0, 0, 0, 0, 0, 0),
('2220110305', 0, 0, 0, 0, 0, 0),
('2220110306', 81, 56, 71, 66, 64, 76),
('2220110307', 89, 83, 78, 72, 79, 63),
('2220110308', 0, 0, 0, 0, 0, 0),
('2220110309', 94, 88, 97, 95, 91, 100),
('2220110310', 83, 92, 78, 78, 79, 77),
('2220110311', 86, 78, 80, 62, 57, 59),
('2220110312', 97, 88, 100, 97, 97, 97),
('2220110313', 61, 59, 66, 57, 60, 59),
('2220110314', 61, 56, 66, 57, 54, 62),
('2220110315', 67, 56, 66, 84, 63, 68),
('2220110316', 100, 75, 97, 95, 86, 100),
('2220110317', 61, 59, 69, 51, 60, 56),
('2220110318', 53, 53, 57, 43, 51, 41),
('2220110319', 63, 67, 65, 59, 53, 56),
('2220110404', 81, 66, 77, 62, 69, 62),
('2220110432', 0, 0, 0, 0, 0, 0),
('2220120006', 0, 0, 0, 0, 0, 0),
('2220120008', 0, 0, 0, 0, 0, 0),
('2220120009', 74, 72, 65, 59, 65, 66),
('2220120056', 0, 0, 0, 0, 0, 0),
('2220120065', 0, 0, 0, 0, 0, 0),
('2220120075', 0, 0, 0, 0, 0, 0),
('2220120098', 0, 0, 0, 0, 0, 0),
('2220120105', 0, 0, 0, 0, 0, 0),
('2220120108', 0, 0, 0, 0, 0, 0),
('2220120119', 0, 0, 0, 0, 0, 0),
('2220120149', 75, 73, 80, 90, 75, 45),
('2220120154', 0, 0, 0, 0, 0, 0),
('2220120166', 0, 0, 0, 0, 0, 0),
('2220120170', 0, 0, 0, 0, 0, 0),
('2220120174', 0, 0, 0, 0, 0, 0),
('2220120179', 60, 73, 89, 80, 70, 96),
('2220120185', 0, 0, 0, 0, 0, 0),
('2220120188', 0, 0, 0, 0, 0, 0),
('2220120199', 0, 0, 0, 0, 0, 0),
('2220120204', 0, 0, 0, 0, 0, 0),
('2220120220', 0, 0, 0, 0, 0, 0),
('2220120233', 0, 0, 0, 0, 0, 0),
('2220120236', 0, 0, 0, 0, 0, 0),
('2220120239', 79, 64, 90, 80, 88, 56),
('2220120242', 0, 52, 82, 89, 90, 60),
('2220120243', 0, 0, 0, 0, 0, 0),
('2220120244', 0, 40, 82, 100, 90, 70),
('2220120245', 0, 0, 0, 0, 0, 0),
('2220120246', 0, 0, 0, 0, 0, 0),
('2220120247', 0, 50, 82, 89, 70, 60),
('2220120248', 0, 50, 82, 100, 90, 70),
('2220120250', 100, 50, 82, 100, 70, 70),
('2220120480', 0, 0, 0, 0, 0, 0),
('2220130307', 0, 0, 0, 0, 0, 0);

-- --------------------------------------------------------

--
-- Table structure for table `proctor_rev_sem_v`
--

CREATE TABLE IF NOT EXISTS `proctor_rev_sem_v` (
  `student_id` varchar(20) NOT NULL,
  `cn` int(200) NOT NULL,
  `adbms` int(200) NOT NULL,
  `mp` int(200) NOT NULL,
  `tcs` int(200) NOT NULL,
  `we` int(200) NOT NULL,
  `evs` int(200) NOT NULL,
  PRIMARY KEY (`student_id`)
) ENGINE=InnoDB DEFAULT CHARSET=latin1;

--
-- Dumping data for table `proctor_rev_sem_v`
--

INSERT INTO `proctor_rev_sem_v` (`student_id`, `cn`, `adbms`, `mp`, `tcs`, `we`, `evs`) VALUES
('2220070002', 0, 0, 0, 0, 0, 0),
('2220070005', 0, 0, 0, 0, 0, 0),
('2220100001', 72, 68, 93, 59, 79, 77),
('2220100002', 74, 52, 63, 63, 49, 45),
('2220100003', 64, 68, 73, 78, 60, 50),
('2220100004', 69, 65, 85, 75, 63, 86),
('2220100005', 87, 81, 90, 81, 86, 91),
('2220100006', 44, 45, 63, 59, 56, 55),
('2220100007', 50, 61, 66, 53, 47, 68),
('2220100008', 56, 45, 65, 53, 51, 59),
('2220100009', 59, 61, 71, 63, 56, 55),
('2220100010', 59, 61, 71, 63, 56, 55),
('2220100011', 28, 35, 39, 38, 35, 59),
('2220100015', 72, 68, 83, 75, 63, 75),
('2220100016', 46, 58, 63, 78, 58, 68),
('2220100017', 79, 74, 78, 66, 63, 86),
('2220100018', 59, 45, 64, 67, 57, 64),
('2220100019', 51, 52, 71, 41, 63, 55),
('2220100020', 74, 62, 82, 90, 81, 70),
('2220100021', 71, 74, 50, 71, 75, 70),
('2220100022', 48, 36, 54, 44, 48, 55),
('2220100023', 52, 56, 73, 73, 53, 44),
('2220100024', 51, 55, 80, 78, 63, 68),
('2220100025', 74, 74, 90, 75, 74, 77),
('2220100027', 71, 74, 73, 90, 69, 74),
('2220100028', 71, 74, 59, 85, 72, 65),
('2220100031', 77, 68, 76, 66, 69, 68),
('2220100032', 69, 58, 80, 59, 53, 64),
('2220100033', 52, 46, 45, 71, 53, 33),
('2220100034', 54, 61, 73, 44, 42, 68),
('2220100035', 56, 71, 80, 47, 63, 68),
('2220100036', 0, 0, 0, 0, 0, 0),
('2220100037', 0, 0, 0, 0, 0, 0),
('2220100038', 41, 31, 33, 38, 38, 86),
('2220100039', 0, 0, 0, 0, 0, 0),
('2220100040', 45, 36, 59, 54, 59, 30),
('2220100041', 0, 0, 0, 0, 0, 0),
('2220100044', 51, 42, 73, 44, 40, 55),
('2220100045', 64, 74, 80, 47, 63, 64),
('2220100046', 54, 45, 59, 64, 64, 79),
('2220100050', 52, 65, 77, 92, 65, 77),
('2220100051', 48, 38, 55, 66, 39, 61),
('2220100052', 51, 68, 76, 59, 55, 68),
('2220100053', 79, 84, 88, 81, 84, 68),
('2220100263', 64, 65, 85, 56, 77, 86),
('2220100264', 41, 45, 51, 34, 40, 55),
('2220100265', 28, 39, 37, 47, 33, 27),
('2220100266', 48, 38, 41, 44, 42, 38),
('2220100267', 58, 62, 77, 71, 50, 63),
('2220100268', 23, 55, 76, 50, 47, 30),
('2220100269', 72, 77, 80, 75, 67, 68),
('2220100301', 74, 56, 68, 85, 69, 58),
('2220110003', 50, 56, 89, 70, 56, 82),
('2220110004', 57, 70, 86, 87, 64, 64),
('2220110005', 55, 68, 86, 79, 69, 79),
('2220110006', 65, 50, 85, 62, 59, 86),
('2220110007', 64, 59, 62, 69, 66, 58),
('2220110008', 0, 0, 0, 0, 0, 0),
('2220110010', 43, 53, 86, 48, 76, 55),
('2220110012', 32, 36, 65, 59, 49, 41),
('2220110013', 65, 50, 74, 57, 44, 64),
('2220110014', 43, 36, 67, 36, 44, 59),
('2220110015', 44, 49, 64, 72, 53, 100),
('2220110016', 62, 57, 77, 57, 64, 73),
('2220110017', 59, 41, 74, 53, 46, 87),
('2220110019', 40, 46, 55, 67, 52, 37),
('2220110020', 46, 36, 67, 50, 51, 77),
('2220110023', 33, 41, 73, 62, 50, 23),
('2220110024', 54, 38, 62, 43, 44, 91),
('2220110025', 69, 56, 100, 70, 89, 95),
('2220110027', 53, 52, 61, 63, 53, 82),
('2220110029', 38, 24, 38, 45, 44, 77),
('2220110030', 57, 40, 69, 52, 44, 95),
('2220110031', 41, 31, 38, 46, 44, 64),
('2220110032', 59, 41, 66, 53, 59, 83),
('2220110033', 0, 0, 0, 0, 0, 0),
('2220110036', 56, 48, 87, 72, 62, 91),
('2220110037', 52, 43, 77, 31, 38, 28),
('2220110039', 66, 65, 100, 82, 76, 100),
('2220110040', 65, 40, 77, 52, 62, 82),
('2220110041', 50, 41, 61, 58, 46, 65),
('2220110042', 63, 58, 82, 72, 71, 95),
('2220110047', 77, 66, 88, 86, 83, 84),
('2220110049', 12, 24, 20, 26, 18, 64),
('2220110053', 76, 40, 85, 55, 51, 86),
('2220110054', 48, 63, 73, 71, 63, 74),
('2220110055', 62, 45, 82, 60, 46, 59),
('2220110056', 70, 43, 92, 60, 59, 82),
('2220110057', 57, 50, 79, 64, 46, 86),
('2220110058', 67, 53, 95, 77, 66, 92),
('2220110059', 58, 65, 94, 87, 64, 97),
('2220110061', 49, 40, 69, 71, 56, 77),
('2220110063', 72, 41, 95, 67, 61, 74),
('2220110064', 48, 61, 35, 90, 43, 12),
('2220110304', 62, 61, 83, 59, 58, 76),
('2220110305', 64, 74, 68, 66, 65, 77),
('2220110306', 49, 74, 71, 75, 58, 77),
('2220110307', 61, 79, 68, 80, 78, 63),
('2220110308', 74, 74, 85, 72, 65, 77),
('2220110309', 69, 87, 95, 78, 77, 91),
('2220110310', 72, 71, 73, 72, 79, 68),
('2220110311', 62, 45, 63, 59, 51, 50),
('2220110312', 82, 84, 93, 78, 86, 91),
('2220110313', 51, 58, 56, 44, 60, 68),
('2220110314', 51, 61, 59, 44, 47, 64),
('2220110315', 56, 58, 78, 50, 47, 59),
('2220110316', 82, 90, 66, 69, 91, 95),
('2220110317', 67, 84, 73, 69, 58, 82),
('2220110318', 44, 29, 54, 31, 23, 45),
('2220110319', 65, 69, 73, 73, 63, 60),
('2220110404', 41, 74, 63, 66, 51, 74),
('2220110432', 78, 71, 85, 69, 64, 73),
('2220120006', 58, 64, 68, 80, 66, 63),
('2220120008', 0, 0, 0, 0, 0, 0),
('2220120009', 55, 38, 50, 44, 56, 37),
('2220120056', 0, 0, 0, 0, 0, 0),
('2220120065', 32, 44, 41, 37, 31, 40),
('2220120075', 0, 0, 0, 0, 0, 0),
('2220120098', 0, 0, 0, 0, 0, 0),
('2220120105', 0, 0, 0, 0, 0, 0),
('2220120108', 0, 0, 0, 0, 0, 0),
('2220120119', 0, 0, 0, 0, 0, 0),
('2220120149', 70, 60, 87, 76, 69, 73),
('2220120154', 58, 65, 100, 70, 71, 100),
('2220120166', 70, 60, 77, 69, 77, 73),
('2220120170', 67, 65, 64, 70, 67, 87),
('2220120174', 72, 65, 100, 74, 77, 92),
('2220120179', 57, 65, 73, 62, 79, 67),
('2220120185', 67, 65, 79, 77, 69, 74),
('2220120188', 54, 55, 79, 62, 59, 82),
('2220120199', 77, 65, 89, 77, 71, 84),
('2220120204', 62, 50, 69, 60, 41, 77),
('2220120220', 72, 60, 100, 74, 77, 83),
('2220120233', 75, 60, 100, 67, 77, 87),
('2220120236', 78, 65, 100, 84, 84, 92),
('2220120239', 49, 52, 62, 56, 51, 77),
('2220120242', 69, 60, 95, 74, 66, 83),
('2220120243', 61, 60, 95, 67, 66, 92),
('2220120244', 50, 57, 73, 79, 64, 63),
('2220120245', 64, 53, 69, 60, 59, 87),
('2220120246', 67, 55, 95, 70, 66, 87),
('2220120247', 62, 43, 82, 87, 62, 73),
('2220120248', 51, 48, 82, 67, 51, 73),
('2220120250', 57, 48, 77, 48, 56, 77),
('2220120480', 0, 0, 0, 0, 0, 0),
('2220130307', 0, 0, 0, 0, 0, 0);

-- --------------------------------------------------------

--
-- Table structure for table `proctor_rev_sem_vi`
--

CREATE TABLE IF NOT EXISTS `proctor_rev_sem_vi` (
  `student_id` varchar(20) NOT NULL,
  `acn` int(200) NOT NULL,
  `spcc` int(200) NOT NULL,
  `oose` int(200) NOT NULL,
  `amp` int(200) NOT NULL,
  `dwm` int(200) NOT NULL,
  `seminar` int(200) NOT NULL,
  PRIMARY KEY (`student_id`)
) ENGINE=InnoDB DEFAULT CHARSET=latin1;

--
-- Dumping data for table `proctor_rev_sem_vi`
--

INSERT INTO `proctor_rev_sem_vi` (`student_id`, `acn`, `spcc`, `oose`, `amp`, `dwm`, `seminar`) VALUES
('2220070002', 0, 0, 0, 0, 0, 0),
('2220070005', 0, 0, 0, 0, 0, 0),
('2220100001', 41, 59, 44, 41, 63, 64),
('2220100002', 56, 54, 49, 56, 60, 55),
('2220100003', 69, 74, 62, 78, 80, 73),
('2220100004', 53, 77, 51, 71, 69, 64),
('2220100005', 66, 77, 49, 76, 91, 100),
('2220100006', 56, 51, 49, 39, 49, 75),
('2220100007', 56, 37, 41, 51, 66, 64),
('2220100008', 38, 64, 49, 56, 57, 60),
('2220100009', 38, 68, 64, 68, 46, 64),
('2220100010', 56, 69, 54, 56, 60, 55),
('2220100011', 53, 46, 36, 54, 80, 64),
('2220100015', 47, 69, 31, 68, 69, 95),
('2220100016', 53, 64, 62, 66, 71, 75),
('2220100017', 59, 64, 51, 66, 77, 64),
('2220100018', 76, 53, 50, 68, 74, 60),
('2220100019', 44, 64, 54, 61, 69, 73),
('2220100020', 53, 63, 74, 49, 64, 82),
('2220100021', 47, 78, 69, 51, 71, 64),
('2220100022', 47, 62, 56, 46, 57, 64),
('2220100023', 38, 66, 63, 44, 67, 64),
('2220100024', 47, 56, 62, 56, 69, 73),
('2220100025', 53, 74, 51, 61, 63, 82),
('2220100027', 69, 66, 74, 54, 74, 64),
('2220100028', 53, 73, 80, 69, 67, 91),
('2220100031', 50, 64, 56, 73, 71, 73),
('2220100032', 44, 61, 83, 59, 67, 91),
('2220100033', 41, 68, 71, 67, 67, 73),
('2220100034', 41, 67, 44, 51, 57, 64),
('2220100035', 63, 69, 59, 76, 83, 91),
('2220100036', 0, 0, 0, 0, 0, 0),
('2220100037', 0, 0, 0, 0, 0, 0),
('2220100038', 58, 50, 24, 39, 45, 70),
('2220100039', 0, 0, 0, 0, 0, 0),
('2220100040', 59, 41, 66, 31, 38, 64),
('2220100041', 0, 0, 0, 0, 0, 0),
('2220100044', 63, 56, 46, 49, 69, 82),
('2220100045', 63, 72, 64, 80, 86, 91),
('2220100046', 53, 65, 45, 56, 48, 100),
('2220100050', 71, 64, 53, 65, 62, 64),
('2220100051', 53, 49, 54, 21, 54, 55),
('2220100052', 56, 50, 51, 46, 74, 82),
('2220100053', 69, 77, 69, 76, 69, 82),
('2220100263', 63, 97, 62, 88, 86, 64),
('2220100264', 63, 41, 44, 44, 57, 45),
('2220100265', 41, 49, 51, 39, 49, 64),
('2220100266', 53, 32, 20, 33, 46, 50),
('2220100267', 41, 46, 51, 59, 51, 73),
('2220100268', 28, 59, 36, 35, 46, 55),
('2220100269', 47, 59, 26, 56, 49, 55),
('2220100301', 59, 49, 69, 51, 49, 73),
('2220110003', 82, 90, 64, 72, 81, 0),
('2220110004', 80, 72, 76, 85, 82, 77),
('2220110005', 86, 73, 79, 86, 89, 100),
('2220110006', 77, 78, 60, 90, 80, 100),
('2220110007', 83, 59, 82, 80, 59, 80),
('2220110008', 73, 78, 45, 75, 78, 100),
('2220110010', 61, 62, 34, 44, 64, 100),
('2220110012', 45, 36, 43, 40, 34, 78),
('2220110013', 73, 76, 53, 68, 68, 60),
('2220110014', 58, 77, 70, 68, 56, 70),
('2220110015', 72, 90, 66, 86, 80, 100),
('2220110016', 58, 83, 73, 71, 59, 70),
('2220110017', 82, 65, 48, 74, 80, 0),
('2220110019', 65, 58, 67, 80, 50, 59),
('2220110020', 75, 70, 69, 72, 60, 100),
('2220110023', 0, 0, 0, 0, 0, 0),
('2220110024', 85, 73, 60, 84, 75, 100),
('2220110025', 82, 95, 81, 100, 92, 100),
('2220110027', 55, 36, 37, 62, 33, 45),
('2220110029', 60, 67, 45, 56, 47, 70),
('2220110030', 73, 75, 45, 72, 65, 100),
('2220110031', 60, 67, 45, 56, 52, 70),
('2220110032', 98, 75, 61, 82, 87, 100),
('2220110033', 83, 77, 65, 64, 80, 95),
('2220110036', 90, 90, 60, 89, 87, 100),
('2220110037', 44, 44, 75, 79, 47, 57),
('2220110039', 90, 92, 79, 100, 90, 0),
('2220110040', 75, 85, 76, 84, 82, 85),
('2220110041', 68, 65, 41, 70, 78, 80),
('2220110042', 90, 74, 75, 80, 90, 100),
('2220110047', 83, 85, 60, 82, 83, 95),
('2220110049', 38, 40, 38, 46, 52, 0),
('2220110053', 76, 83, 61, 71, 79, 100),
('2220110054', 72, 72, 71, 71, 57, 100),
('2220110055', 64, 73, 64, 80, 59, 60),
('2220110056', 80, 75, 50, 82, 85, 85),
('2220110057', 87, 90, 70, 83, 75, 100),
('2220110058', 85, 98, 75, 85, 89, 100),
('2220110059', 82, 95, 75, 94, 85, 100),
('2220110061', 82, 70, 67, 65, 67, 100),
('2220110063', 82, 80, 76, 84, 82, 100),
('2220110064', 63, 46, 68, 68, 58, 63),
('2220110304', 41, 56, 59, 68, 71, 63),
('2220110305', 69, 49, 54, 71, 71, 64),
('2220110306', 59, 56, 49, 68, 71, 64),
('2220110307', 53, 68, 74, 54, 51, 55),
('2220110308', 66, 54, 41, 56, 57, 64),
('2220110309', 63, 89, 72, 85, 77, 73),
('2220110310', 56, 76, 63, 54, 67, 45),
('2220110311', 63, 56, 38, 61, 74, 64),
('2220110312', 53, 87, 67, 80, 77, 91),
('2220110313', 50, 56, 46, 59, 57, 64),
('2220110314', 50, 67, 38, 56, 54, 73),
('2220110315', 41, 72, 49, 59, 60, 55),
('2220110316', 63, 95, 56, 88, 83, 64),
('2220110317', 53, 77, 44, 56, 77, 73),
('2220110318', 44, 44, 28, 76, 49, 55),
('2220110319', 31, 61, 69, 51, 59, 82),
('2220110404', 69, 49, 38, 63, 74, 64),
('2220110432', 67, 71, 78, 65, 77, 75),
('2220120006', 59, 71, 71, 56, 62, 91),
('2220120008', 0, 0, 0, 0, 0, 0),
('2220120009', 38, 59, 66, 28, 64, 73),
('2220120056', 0, 0, 0, 0, 0, 0),
('2220120065', 28, 34, 29, 26, 10, 18),
('2220120075', 0, 0, 0, 0, 0, 0),
('2220120098', 0, 0, 0, 0, 0, 0),
('2220120105', 0, 0, 0, 0, 0, 0),
('2220120108', 0, 0, 0, 0, 0, 0),
('2220120119', 0, 0, 0, 0, 0, 0),
('2220120149', 78, 85, 83, 82, 85, 85),
('2220120154', 83, 93, 89, 87, 80, 100),
('2220120166', 85, 80, 62, 76, 75, 100),
('2220120170', 77, 60, 45, 57, 55, 100),
('2220120174', 85, 90, 87, 93, 85, 100),
('2220120179', 77, 76, 64, 77, 71, 75),
('2220120185', 95, 75, 55, 76, 77, 100),
('2220120188', 73, 80, 72, 80, 75, 100),
('2220120199', 88, 85, 64, 89, 80, 0),
('2220120204', 80, 72, 45, 62, 75, 0),
('2220120220', 70, 80, 71, 84, 72, 100),
('2220120233', 80, 95, 86, 86, 85, 100),
('2220120236', 85, 100, 93, 89, 82, 100),
('2220120239', 75, 80, 60, 74, 78, 100),
('2220120242', 85, 85, 72, 94, 72, 100),
('2220120243', 88, 95, 81, 92, 88, 100),
('2220120244', 84, 66, 81, 72, 76, 0),
('2220120245', 85, 75, 53, 72, 85, 100),
('2220120246', 83, 85, 75, 72, 80, 100),
('2220120247', 67, 80, 70, 78, 62, 99),
('2220120248', 88, 85, 80, 99, 82, 0),
('2220120250', 0, 0, 0, 0, 0, 0),
('2220120480', 0, 0, 0, 0, 0, 0),
('2220130307', 0, 0, 0, 0, 0, 0);

-- --------------------------------------------------------

--
-- Table structure for table `proctor_rev_sem_vii`
--

CREATE TABLE IF NOT EXISTS `proctor_rev_sem_vii` (
  `student_id` varchar(20) NOT NULL,
  `dsip` int(200) NOT NULL,
  `rai` int(200) NOT NULL,
  `mc` int(200) NOT NULL,
  `ss` int(200) NOT NULL,
  `elective_I` int(200) NOT NULL,
  PRIMARY KEY (`student_id`)
) ENGINE=InnoDB DEFAULT CHARSET=latin1;

--
-- Dumping data for table `proctor_rev_sem_vii`
--

INSERT INTO `proctor_rev_sem_vii` (`student_id`, `dsip`, `rai`, `mc`, `ss`, `elective_I`) VALUES
('2220070002', 0, 0, 0, 0, 0),
('2220070005', 0, 0, 0, 0, 0),
('2220100001', 58, 34, 33, 35, 52),
('2220100002', 44, 27, 33, 35, 36),
('2220100003', 51, 39, 37, 35, 45),
('2220100004', 37, 29, 33, 30, 30),
('2220100005', 65, 61, 65, 65, 71),
('2220100006', 45, 34, 42, 33, 33),
('2220100007', 40, 44, 33, 48, 60),
('2220100008', 35, 24, 19, 30, 49),
('2220100009', 39, 37, 33, 40, 48),
('2220100010', 0, 0, 0, 0, 0),
('2220100011', 26, 23, 30, 33, 44),
('2220100015', 30, 39, 28, 33, 48),
('2220100016', 42, 46, 49, 43, 50),
('2220100017', 40, 39, 53, 33, 59),
('2220100018', 0, 0, 0, 0, 0),
('2220100019', 49, 37, 35, 33, 67),
('2220100020', 47, 63, 40, 43, 41),
('2220100021', 37, 53, 53, 55, 51),
('2220100022', 58, 55, 55, 45, 65),
('2220100023', 60, 46, 40, 43, 68),
('2220100024', 44, 44, 44, 35, 48),
('2220100025', 51, 51, 63, 53, 50),
('2220100027', 40, 51, 43, 52, 34),
('2220100028', 40, 56, 38, 44, 61),
('2220100031', 51, 37, 30, 40, 48),
('2220100032', 44, 44, 33, 38, 32),
('2220100033', 47, 47, 40, 43, 49),
('2220100034', 44, 34, 44, 40, 38),
('2220100035', 60, 44, 53, 43, 61),
('2220100036', 0, 0, 0, 0, 0),
('2220100037', 0, 0, 0, 0, 0),
('2220100038', 0, 0, 0, 0, 0),
('2220100039', 0, 0, 0, 0, 0),
('2220100040', 30, 23, 15, 33, 22),
('2220100041', 0, 0, 0, 0, 0),
('2220100044', 35, 29, 47, 33, 44),
('2220100045', 49, 51, 42, 45, 63),
('2220100046', 0, 0, 0, 0, 0),
('2220100050', 0, 0, 0, 0, 0),
('2220100051', 28, 28, 20, 33, 27),
('2220100052', 49, 29, 42, 33, 49),
('2220100053', 67, 49, 51, 70, 71),
('2220100263', 72, 56, 44, 73, 83),
('2220100264', 35, 15, 28, 28, 24),
('2220100265', 40, 20, 34, 16, 34),
('2220100266', 47, 40, 45, 50, 39),
('2220100267', 21, 35, 35, 33, 32),
('2220100268', 57, 54, 68, 55, 66),
('2220100269', 35, 34, 44, 35, 63),
('2220100301', 26, 53, 38, 48, 44),
('2220110003', 0, 0, 0, 0, 0),
('2220110004', 0, 0, 0, 0, 0),
('2220110005', 0, 0, 0, 0, 0),
('2220110006', 0, 0, 0, 0, 0),
('2220110007', 0, 0, 0, 0, 0),
('2220110008', 0, 0, 0, 0, 0),
('2220110010', 0, 0, 0, 0, 0),
('2220110012', 0, 0, 0, 0, 0),
('2220110013', 0, 0, 0, 0, 0),
('2220110014', 0, 0, 0, 0, 0),
('2220110015', 0, 0, 0, 0, 0),
('2220110016', 0, 0, 0, 0, 0),
('2220110017', 0, 0, 0, 0, 0),
('2220110019', 0, 0, 0, 0, 0),
('2220110020', 0, 0, 0, 0, 0),
('2220110023', 0, 0, 0, 0, 0),
('2220110024', 0, 0, 0, 0, 0),
('2220110025', 0, 0, 0, 0, 0),
('2220110027', 0, 0, 0, 0, 0),
('2220110029', 0, 0, 0, 0, 0),
('2220110030', 0, 0, 0, 0, 0),
('2220110031', 0, 0, 0, 0, 0),
('2220110032', 0, 0, 0, 0, 0),
('2220110033', 0, 0, 0, 0, 0),
('2220110036', 0, 0, 0, 0, 0),
('2220110037', 0, 0, 0, 0, 0),
('2220110039', 0, 0, 0, 0, 0),
('2220110040', 0, 0, 0, 0, 0),
('2220110041', 0, 0, 0, 0, 0),
('2220110042', 0, 0, 0, 0, 0),
('2220110047', 0, 0, 0, 0, 0),
('2220110049', 0, 0, 0, 0, 0),
('2220110053', 0, 0, 0, 0, 0),
('2220110054', 0, 0, 0, 0, 0),
('2220110055', 0, 0, 0, 0, 0),
('2220110056', 0, 0, 0, 0, 0),
('2220110057', 0, 0, 0, 0, 0),
('2220110058', 0, 0, 0, 0, 0),
('2220110059', 0, 0, 0, 0, 0),
('2220110061', 0, 0, 0, 0, 0),
('2220110063', 0, 0, 0, 0, 0),
('2220110064', 0, 0, 0, 0, 0),
('2220110304', 40, 39, 35, 43, 38),
('2220110305', 65, 34, 35, 40, 55),
('2220110306', 35, 32, 35, 40, 37),
('2220110307', 21, 42, 33, 36, 20),
('2220110308', 67, 44, 33, 53, 76),
('2220110309', 79, 56, 44, 63, 81),
('2220110310', 53, 49, 44, 63, 55),
('2220110311', 30, 20, 28, 28, 38),
('2220110312', 56, 44, 53, 53, 63),
('2220110313', 53, 37, 44, 40, 38),
('2220110314', 49, 37, 42, 40, 38),
('2220110315', 37, 37, 33, 40, 61),
('2220110316', 77, 56, 44, 73, 81),
('2220110317', 33, 20, 40, 30, 68),
('2220110318', 28, 35, 35, 45, 27),
('2220110319', 44, 44, 33, 33, 39),
('2220110404', 39, 27, 44, 43, 63),
('2220110432', 0, 0, 0, 0, 0),
('2220120006', 42, 53, 35, 55, 51),
('2220120008', 0, 0, 0, 0, 0),
('2220120009', 35, 40, 33, 33, 22),
('2220120056', 0, 0, 0, 0, 0),
('2220120065', 0, 0, 0, 0, 0),
('2220120075', 0, 0, 0, 0, 0),
('2220120098', 0, 0, 0, 0, 0),
('2220120105', 0, 0, 0, 0, 0),
('2220120108', 0, 0, 0, 0, 0),
('2220120119', 0, 0, 0, 0, 0),
('2220120149', 0, 0, 0, 0, 0),
('2220120154', 0, 0, 0, 0, 0),
('2220120166', 0, 0, 0, 0, 0),
('2220120170', 0, 0, 0, 0, 0),
('2220120174', 0, 0, 0, 0, 0),
('2220120179', 0, 0, 0, 0, 0),
('2220120185', 0, 0, 0, 0, 0),
('2220120188', 0, 0, 0, 0, 0),
('2220120199', 0, 0, 0, 0, 0),
('2220120204', 0, 0, 0, 0, 0),
('2220120220', 0, 0, 0, 0, 0),
('2220120233', 0, 0, 0, 0, 0),
('2220120236', 0, 0, 0, 0, 0),
('2220120239', 0, 0, 0, 0, 0),
('2220120242', 0, 0, 0, 0, 0),
('2220120243', 0, 0, 0, 0, 0),
('2220120244', 0, 0, 0, 0, 0),
('2220120245', 0, 0, 0, 0, 0),
('2220120246', 0, 0, 0, 0, 0),
('2220120247', 0, 0, 0, 0, 0),
('2220120248', 0, 0, 0, 0, 0),
('2220120250', 0, 0, 0, 0, 0),
('2220120480', 0, 0, 0, 0, 0),
('2220130307', 0, 0, 0, 0, 0);

-- --------------------------------------------------------

--
-- Table structure for table `proctor_rev_sem_viii`
--

CREATE TABLE IF NOT EXISTS `proctor_rev_sem_viii` (
  `student_id` varchar(20) NOT NULL,
  `dc` int(200) NOT NULL,
  `msd` int(200) NOT NULL,
  `sa` int(200) NOT NULL,
  `elective_II` int(200) NOT NULL,
  PRIMARY KEY (`student_id`)
) ENGINE=InnoDB DEFAULT CHARSET=latin1;

--
-- Dumping data for table `proctor_rev_sem_viii`
--

INSERT INTO `proctor_rev_sem_viii` (`student_id`, `dc`, `msd`, `sa`, `elective_II`) VALUES
('2220070002', 0, 0, 0, 0),
('2220070005', 0, 0, 0, 0),
('2220100001', 0, 0, 0, 0),
('2220100002', 62, 48, 43, 42),
('2220100003', 65, 67, 49, 42),
('2220100004', 53, 58, 46, 49),
('2220100005', 74, 88, 89, 77),
('2220100006', 38, 39, 34, 31),
('2220100007', 50, 61, 38, 52),
('2220100008', 51, 41, 46, 42),
('2220100009', 62, 76, 83, 68),
('2220100010', 35, 42, 51, 45),
('2220100011', 61, 48, 48, 51),
('2220100015', 56, 67, 63, 49),
('2220100016', 56, 69, 71, 74),
('2220100017', 58, 63, 65, 61),
('2220100018', 0, 0, 0, 0),
('2220100019', 53, 60, 60, 52),
('2220100020', 68, 71, 50, 68),
('2220100021', 42, 57, 41, 42),
('2220100022', 45, 41, 43, 58),
('2220100023', 0, 0, 0, 0),
('2220100024', 58, 66, 68, 51),
('2220100025', 63, 68, 60, 68),
('2220100027', 0, 0, 0, 0),
('2220100028', 74, 65, 52, 72),
('2220100031', 50, 48, 65, 43),
('2220100032', 61, 69, 74, 60),
('2220100033', 71, 65, 50, 54),
('2220100034', 50, 64, 60, 59),
('2220100035', 0, 0, 0, 0),
('2220100036', 0, 0, 0, 0),
('2220100037', 0, 0, 0, 0),
('2220100038', 0, 0, 0, 0),
('2220100039', 0, 0, 0, 0),
('2220100040', 58, 45, 50, 51),
('2220100041', 0, 0, 0, 0),
('2220100044', 0, 0, 0, 0),
('2220100045', 52, 78, 80, 66),
('2220100046', 0, 0, 0, 0),
('2220100050', 0, 0, 0, 0),
('2220100051', 51, 42, 44, 57),
('2220100052', 52, 45, 60, 51),
('2220100053', 71, 85, 85, 79),
('2220100263', 71, 82, 77, 67),
('2220100264', 53, 52, 46, 35),
('2220100265', 0, 0, 0, 0),
('2220100266', 62, 46, 42, 46),
('2220100267', 20, 26, 27, 33),
('2220100268', 58, 54, 40, 74),
('2220100269', 39, 43, 52, 34),
('2220100301', 47, 51, 62, 48),
('2220110003', 0, 0, 0, 0),
('2220110004', 0, 0, 0, 0),
('2220110005', 0, 0, 0, 0),
('2220110006', 0, 0, 0, 0),
('2220110007', 0, 0, 0, 0),
('2220110008', 0, 0, 0, 0),
('2220110010', 0, 0, 0, 0),
('2220110012', 0, 0, 0, 0),
('2220110013', 0, 0, 0, 0),
('2220110014', 0, 0, 0, 0),
('2220110015', 0, 0, 0, 0),
('2220110016', 0, 0, 0, 0),
('2220110017', 0, 0, 0, 0),
('2220110019', 0, 0, 0, 0),
('2220110020', 0, 0, 0, 0),
('2220110023', 0, 0, 0, 0),
('2220110024', 0, 0, 0, 0),
('2220110025', 0, 0, 0, 0),
('2220110027', 0, 0, 0, 0),
('2220110029', 0, 0, 0, 0),
('2220110030', 0, 0, 0, 0),
('2220110031', 0, 0, 0, 0),
('2220110032', 0, 0, 0, 0),
('2220110033', 0, 0, 0, 0),
('2220110036', 0, 0, 0, 0),
('2220110037', 0, 0, 0, 0),
('2220110039', 0, 0, 0, 0),
('2220110040', 0, 0, 0, 0),
('2220110041', 0, 0, 0, 0),
('2220110042', 0, 0, 0, 0),
('2220110047', 0, 0, 0, 0),
('2220110049', 0, 0, 0, 0),
('2220110053', 0, 0, 0, 0),
('2220110054', 0, 0, 0, 0),
('2220110055', 0, 0, 0, 0),
('2220110056', 0, 0, 0, 0),
('2220110057', 0, 0, 0, 0),
('2220110058', 0, 0, 0, 0),
('2220110059', 0, 0, 0, 0),
('2220110061', 0, 0, 0, 0),
('2220110063', 0, 0, 0, 0),
('2220110064', 0, 0, 0, 0),
('2220110304', 44, 63, 65, 43),
('2220110305', 65, 67, 54, 39),
('2220110306', 50, 64, 54, 33),
('2220110307', 49, 32, 45, 24),
('2220110308', 41, 42, 48, 48),
('2220110309', 68, 73, 69, 55),
('2220110310', 52, 56, 67, 67),
('2220110311', 45, 49, 43, 40),
('2220110312', 55, 63, 58, 37),
('2220110313', 0, 0, 0, 0),
('2220110314', 0, 0, 0, 0),
('2220110315', 58, 57, 51, 48),
('2220110316', 71, 85, 77, 69),
('2220110317', 50, 42, 66, 55),
('2220110318', 75, 75, 75, 75),
('2220110319', 71, 77, 41, 67),
('2220110404', 48, 50, 53, 43),
('2220110432', 0, 0, 0, 0),
('2220120006', 66, 50, 58, 58),
('2220120008', 0, 0, 0, 0),
('2220120009', 52, 45, 35, 31),
('2220120056', 0, 0, 0, 0),
('2220120065', 0, 0, 0, 0),
('2220120075', 0, 0, 0, 0),
('2220120098', 0, 0, 0, 0),
('2220120105', 0, 0, 0, 0),
('2220120108', 0, 0, 0, 0),
('2220120119', 0, 0, 0, 0),
('2220120149', 0, 0, 0, 0),
('2220120154', 0, 0, 0, 0),
('2220120166', 0, 0, 0, 0),
('2220120170', 0, 0, 0, 0),
('2220120174', 0, 0, 0, 0),
('2220120179', 0, 0, 0, 0),
('2220120185', 0, 0, 0, 0),
('2220120188', 0, 0, 0, 0),
('2220120199', 0, 0, 0, 0),
('2220120204', 0, 0, 0, 0),
('2220120220', 0, 0, 0, 0),
('2220120233', 0, 0, 0, 0),
('2220120236', 0, 0, 0, 0),
('2220120239', 0, 0, 0, 0),
('2220120242', 0, 0, 0, 0),
('2220120243', 0, 0, 0, 0),
('2220120244', 0, 0, 0, 0),
('2220120245', 0, 0, 0, 0),
('2220120246', 0, 0, 0, 0),
('2220120247', 0, 0, 0, 0),
('2220120248', 0, 0, 0, 0),
('2220120250', 0, 0, 0, 0),
('2220120480', 0, 0, 0, 0),
('2220130307', 0, 0, 0, 0);

/*!40101 SET CHARACTER_SET_CLIENT=@OLD_CHARACTER_SET_CLIENT */;
/*!40101 SET CHARACTER_SET_RESULTS=@OLD_CHARACTER_SET_RESULTS */;
/*!40101 SET COLLATION_CONNECTION=@OLD_COLLATION_CONNECTION */;
